,popularity,min_height,max_height,min_weight,max_weight,min_expectancy,max_expectancy,grooming_frequency_value,shedding_value,energy_level_value,trainability_value,demeanor_value
Affenpinscher,148,22.86,29.21,3.17514659,4.535923700000001,12.0,15.0,0.6,0.6,0.6,0.8,1.0
Afghan Hound,113,63.5,68.58,22.6796185,27.2155422,12.0,15.0,0.8,0.2,0.8,0.2,0.2
Airedale Terrier,60,58.42,58.42,22.6796185,31.751465900000003,11.0,14.0,0.6,0.4,0.6,1.0,0.8
Akita,47,60.96,71.12,31.751465900000003,58.9670081,10.0,13.0,0.8,0.6,0.8,1.0,0.6
Alaskan Malamute,58,58.42,63.5,34.01942775,38.55535145,10.0,14.0,0.6,0.6,0.8,0.4,0.8
American Bulldog,,50.8,63.5,27.2155422,45.359237,10.0,12.0,0.2,0.6,0.8,0.6,0.6
American English Coonhound,175,58.42,66.04,20.41165665,29.48350405,11.0,12.0,0.2,0.4,0.8,0.6,0.6
American Eskimo Dog,122,22.86,48.26,2.7215542200000002,15.875732950000002,13.0,15.0,0.4,0.6,0.8,1.0,1.0
American Foxhound,186,53.34,63.5,27.2155422,31.751465900000003,11.0,13.0,0.2,0.6,0.8,0.4,0.8
American Hairless Terrier,136,30.48,40.64,5.4431084400000005,7.25747792,14.0,16.0,,,,,
American Leopard Hound,,53.34,68.58,20.41165665,31.751465900000003,12.0,15.0,0.4,0.6,0.8,1.0,0.6
American Staffordshire Terrier,85,43.18,48.26,18.143694800000002,31.751465900000003,12.0,16.0,0.2,0.4,0.6,0.6,0.6
American Water Spaniel,166,38.1,45.72,11.33980925,20.41165665,10.0,14.0,0.6,0.2,0.6,1.0,0.8
Anatolian Shepherd Dog,90,68.58,73.66,36.287389600000004,68.0388555,11.0,13.0,0.4,0.6,0.6,0.4,0.4
Appenzeller Sennenhund,,48.26,55.88,21.772433760000002,31.751465900000003,12.0,15.0,0.4,0.8,1.0,0.2,0.4
Australian Cattle Dog,55,43.18,50.8,15.875732950000002,22.6796185,12.0,16.0,0.2,0.8,1.0,0.2,0.4
Australian Kelpie,,43.18,50.8,,,10.0,13.0,0.4,0.8,0.8,1.0,0.6
Australian Shepherd,17,45.72,58.42,18.143694800000002,29.48350405,12.0,15.0,0.4,0.6,0.8,1.0,0.6
Australian Stumpy Tail Cattle Dog,,43.18,50.8,14.51495584,20.41165665,12.0,15.0,0.4,0.4,0.8,0.8,0.6
Australian Terrier,140,25.4,27.94,6.80388555,9.071847400000001,11.0,15.0,0.4,0.2,0.8,0.6,0.8
Azawakh,,59.69,73.66,14.968548210000002,24.947580350000003,12.0,15.0,0.4,0.4,0.6,0.4,0.8
Barbet,,48.26,62.230000000000004,15.875732950000002,29.48350405,12.0,14.0,0.4,0.2,0.6,0.6,0.8
Basenji,87,40.64,43.18,9.979032140000001,10.886216880000001,13.0,14.0,0.2,0.4,0.8,0.4,0.4
Basset Fauve de Bretagne,,31.75,39.37,12.24699399,15.875732950000002,12.0,12.0,0.4,0.6,0.6,0.2,1.0
Basset Hound,39,38.1,38.1,18.143694800000002,29.48350405,12.0,13.0,0.6,0.4,0.2,0.4,0.8
Bavarian Mountain Scent Hound,,43.18,52.07,16.78291769,29.937096420000003,12.0,15.0,0.4,0.8,0.6,0.6,0.4
Beagle,6,33.02,38.1,5.8967008100000005,13.6077711,10.0,15.0,0.6,0.6,0.8,0.6,0.8
Bearded Collie,127,50.8,55.88,20.41165665,24.947580350000003,12.0,14.0,0.8,0.6,0.6,0.4,1.0
Beauceron,124,60.96,69.85,31.751465900000003,49.895160700000005,10.0,12.0,0.6,1.0,1.0,0.8,0.4
Bedlington Terrier,141,38.1,44.45,7.71107029,10.43262451,11.0,16.0,0.6,,0.8,0.6,0.6
Belgian Laekenois,,55.88,66.04,24.947580350000003,29.48350405,10.0,12.0,0.4,0.8,0.8,0.8,0.4
Belgian Malinois,43,55.88,66.04,18.143694800000002,36.287389600000004,14.0,16.0,0.4,0.6,0.8,0.8,0.4
Belgian Sheepdog,125,55.88,66.04,20.41165665,34.01942775,12.0,14.0,0.6,0.6,0.8,0.8,0.4
Belgian Tervuren,106,55.88,66.04,20.41165665,34.01942775,12.0,14.0,0.6,0.6,0.8,0.8,0.4
Bergamasco Sheepdog,187,55.88,59.69,25.85476509,38.10175908,13.0,15.0,0.2,0.2,0.4,0.6,0.4
Berger Picard,144,54.61,64.77,22.6796185,31.751465900000003,12.0,13.0,0.2,0.6,1.0,0.8,0.6
Bernese Mountain Dog,22,58.42,69.85,31.751465900000003,52.163122550000004,7.0,10.0,0.6,1.0,0.8,0.8,0.4
Bichon Frise,46,24.13,29.21,5.4431084400000005,8.164662660000001,14.0,15.0,1.0,0.2,0.6,0.6,1.0
Biewer Terrier,,17.78,27.94,1.81436948,3.62873896,16.0,16.0,0.6,,0.4,1.0,1.0
Black and Tan Coonhound,138,58.42,68.58,29.48350405,49.895160700000005,10.0,12.0,0.4,0.6,0.6,0.4,0.8
Black Russian Terrier,118,66.04,76.2,36.287389600000004,58.9670081,10.0,12.0,0.8,0.6,0.8,0.8,0.4
Bloodhound,49,58.42,68.58,36.287389600000004,49.895160700000005,10.0,12.0,0.4,0.6,0.6,0.4,0.6
Bluetick Coonhound,130,53.34,68.58,20.41165665,36.287389600000004,11.0,12.0,0.4,0.6,0.8,0.6,0.8
Boerboel,121,55.88,68.58,68.0388555,90.718474,9.0,11.0,0.2,0.4,0.4,0.6,0.4
Bohemian Shepherd,,49.022000000000006,55.118,16.78291769,27.2155422,12.0,15.0,0.2,0.4,0.6,0.8,0.6
Bolognese,,25.4,30.48,2.4947580350000003,4.082331330000001,12.0,14.0,0.6,0.2,0.4,0.6,0.8
Border Collie,35,45.72,55.88,13.6077711,24.947580350000003,12.0,15.0,0.6,0.6,1.0,1.0,0.4
Border Terrier,88,30.48,38.1,5.216312255,7.030681735,12.0,15.0,0.4,0.4,0.6,0.8,0.8
Borzoi,103,66.04,71.12,27.2155422,47.62719885,9.0,14.0,0.4,0.6,0.8,0.4,0.6
Boston Terrier,21,38.1,43.18,5.4431084400000005,11.33980925,11.0,13.0,0.4,0.2,0.6,1.0,1.0
Bouvier des Flandres,84,59.69,69.85,31.751465900000003,49.895160700000005,10.0,12.0,0.8,0.6,0.8,0.6,0.6
Boxer,11,54.61,63.5,6.80388555,36.287389600000004,10.0,12.0,0.4,0.4,0.8,0.8,1.0
Boykin Spaniel,100,35.56,45.72,11.33980925,18.143694800000002,10.0,15.0,0.6,0.6,0.6,1.0,0.6
Bracco Italiano,,53.34,68.58,24.947580350000003,40.8233133,10.0,14.0,0.2,0.4,0.8,0.8,0.6
Braque du Bourbonnais,,48.26,57.15,15.875732950000002,24.04039561,10.0,12.0,0.2,,0.6,1.0,0.6
Braque Francais Pyrenean,,46.99,58.42,18.143694800000002,24.947580350000003,,,0.2,0.6,1.0,,
Briard,132,55.88,68.58,24.947580350000003,45.359237,12.0,12.0,0.8,0.2,0.6,0.4,0.4
Brittany,26,44.45,52.07,13.6077711,18.143694800000002,12.0,14.0,0.6,0.6,1.0,1.0,0.8
Broholmer,,69.85,74.93,40.8233133,68.0388555,8.0,10.0,0.2,0.6,0.4,,
Brussels Griffon,98,17.78,25.4,3.62873896,4.535923700000001,12.0,15.0,0.6,0.6,0.6,0.6,0.8
Bull Terrier,62,53.34,55.88,22.6796185,31.751465900000003,12.0,13.0,0.4,0.6,0.8,0.4,0.8
Bulldog,5,35.56,38.1,18.143694800000002,22.6796185,8.0,10.0,0.6,0.8,0.6,0.6,0.8
Bullmastiff,51,60.96,68.58,45.359237,58.9670081,7.0,9.0,0.2,0.6,0.8,0.6,0.6
Cairn Terrier,69,24.13,25.4,5.8967008100000005,6.35029318,13.0,15.0,0.4,0.4,0.6,0.6,0.8
Canaan Dog,179,48.26,60.96,15.875732950000002,24.947580350000003,12.0,15.0,0.4,1.0,0.6,0.4,0.4
Cane Corso,32,59.69,69.85,0.0,0.0,9.0,12.0,0.2,0.4,0.8,0.6,0.6
Cardigan Welsh Corgi,68,26.67,31.75,11.33980925,17.23651006,12.0,15.0,0.4,0.6,0.8,0.6,0.6
Carolina Dog,,45.085,49.53,13.6077711,24.947580350000003,,,0.2,0.6,0.6,1.0,0.6
Catahoula Leopard Dog,,55.88,60.96,22.6796185,43.09127515,10.0,14.0,,,1.0,0.4,0.4
Caucasian Shepherd Dog,,58.42,76.2,44.905644630000005,77.1107029,10.0,12.0,0.6,0.8,0.4,0.4,0.2
Cavalier King Charles Spaniel,18,30.48,33.02,5.8967008100000005,8.164662660000001,12.0,15.0,0.4,0.4,0.4,1.0,0.8
Central Asian Shepherd Dog,,64.77,69.85,39.916128560000004,49.895160700000005,,,0.2,0.6,0.4,0.4,0.2
Cesky Terrier,185,25.4,33.02,6.35029318,10.886216880000001,12.0,15.0,0.4,0.4,0.6,0.6,0.4
Chesapeake Bay Retriever,45,53.34,66.04,24.947580350000003,36.287389600000004,10.0,13.0,0.6,0.8,0.8,0.6,0.4
Chihuahua,33,12.7,20.32,2.7215542200000002,2.7215542200000002,14.0,16.0,0.2,0.4,0.6,0.4,0.6
Chinese Crested,79,27.94,33.02,3.62873896,5.4431084400000005,13.0,18.0,0.2,0.2,0.6,0.6,0.8
Chinese Shar-Pei,64,45.72,50.8,20.41165665,27.2155422,8.0,12.0,0.2,0.8,0.6,0.2,0.4
Chinook,190,55.88,66.04,22.6796185,40.8233133,12.0,15.0,0.4,0.6,0.8,1.0,0.8
Chow Chow,75,43.18,50.8,20.41165665,31.751465900000003,8.0,12.0,0.6,0.6,0.6,0.2,0.4
Cirneco dell’Etna,183,41.910000000000004,49.53,7.71107029,11.793401620000001,12.0,14.0,0.2,0.2,0.6,0.6,0.6
Clumber Spaniel,143,43.18,50.8,24.947580350000003,38.55535145,10.0,12.0,0.4,0.8,0.6,0.6,0.4
Cocker Spaniel,30,34.29,39.37,9.071847400000001,13.6077711,10.0,14.0,0.8,0.4,0.6,1.0,1.0
Collie,38,55.88,66.04,22.6796185,34.01942775,12.0,14.0,0.6,0.6,0.6,0.8,0.8
Coton de Tulear,81,22.86,27.94,3.62873896,6.80388555,15.0,19.0,0.8,0.4,0.6,0.8,1.0
Croatian Sheepdog,,40.64,50.8,13.15417873,19.958064280000002,13.0,14.0,0.2,0.4,1.0,1.0,0.4
Curly-Coated Retriever,162,58.42,68.58,27.2155422,43.09127515,10.0,12.0,0.2,0.4,0.8,0.4,0.4
Czechoslovakian Vlcak,,59.69,64.77,19.958064280000002,25.85476509,10.0,15.0,0.4,1.0,1.0,0.2,0.2
Dachshund,12,12.7,22.86,4.9895160700000005,14.51495584,12.0,16.0,0.4,0.4,0.6,0.6,0.6
Dalmatian,56,48.26,60.96,20.41165665,31.751465900000003,11.0,13.0,0.4,1.0,0.8,0.6,0.6
Dandie Dinmont Terrier,176,20.32,27.94,8.164662660000001,10.886216880000001,12.0,15.0,0.8,0.2,0.6,0.4,0.4
Danish-Swedish Farmdog,,31.75,36.83,6.80388555,9.071847400000001,11.0,13.0,0.2,0.4,0.8,,
Deutscher Wachtelhund,,45.72,53.34,18.143694800000002,24.947580350000003,12.0,14.0,0.4,,0.6,,
Doberman Pinscher,17,60.96,71.12,27.2155422,45.359237,10.0,12.0,0.2,0.8,1.0,1.0,0.6
Dogo Argentino,of,60.96,67.31,39.916128560000004,45.359237,9.0,15.0,0.2,0.2,1.0,,
Dogue de Bordeaux,67,58.42,66.04,44.905644630000005,49.895160700000005,5.0,8.0,0.2,0.8,0.6,0.6,0.6
Drentsche Patrijshond,,53.34,63.5,21.772433760000002,33.11224301,11.0,14.0,0.4,0.8,0.8,0.6,0.4
Drever,,30.48,38.1,15.875732950000002,18.143694800000002,15.0,15.0,0.2,0.4,0.6,0.2,0.6
Dutch Shepherd,,54.61,62.230000000000004,19.05087954,34.01942775,11.0,14.0,0.4,0.6,1.0,0.6,0.6
English Cocker Spaniel,52,38.1,43.18,11.793401620000001,15.42214058,12.0,14.0,0.6,0.4,0.6,1.0,0.8
English Foxhound,188,60.96,60.96,27.2155422,34.01942775,10.0,13.0,0.2,0.8,0.8,0.6,0.8
English Setter,94,58.42,68.58,20.41165665,36.287389600000004,12.0,12.0,0.6,0.8,0.8,0.8,0.8
English Springer Spaniel,27,48.26,50.8,18.143694800000002,22.6796185,12.0,14.0,0.4,0.4,0.6,1.0,0.8
English Toy Spaniel,135,22.86,25.4,3.62873896,6.35029318,10.0,12.0,0.6,0.6,0.6,0.4,0.6
Entlebucher Mountain Dog,157,40.64,53.34,18.143694800000002,29.48350405,11.0,13.0,0.2,0.2,1.0,0.4,0.4
Estrela Mountain Dog,,62.230000000000004,73.66,34.926612490000004,59.874192840000006,10.0,14.0,0.4,0.6,0.4,,
Eurasier,,48.26,60.96,18.143694800000002,31.751465900000003,12.0,16.0,0.6,0.6,0.6,0.6,0.4
Field Spaniel,149,43.18,45.72,15.875732950000002,22.6796185,12.0,13.0,0.4,0.8,0.6,0.6,0.4
Finnish Lapphund,161,40.64,53.34,14.968548210000002,24.04039561,12.0,15.0,0.4,0.6,0.6,1.0,0.4
Finnish Spitz,184,39.37,50.8,9.071847400000001,14.968548210000002,13.0,15.0,0.4,0.6,1.0,0.6,0.8
Flat-Coated Retriever,91,55.88,62.230000000000004,27.2155422,31.751465900000003,8.0,10.0,0.4,0.8,1.0,1.0,0.8
French Bulldog,4,27.94,33.02,12.70058636,12.70058636,10.0,12.0,0.2,0.8,0.4,0.6,0.6
French Spaniel,,54.61,60.96,22.6796185,27.2155422,10.0,12.0,,,,,
German Longhaired Pointer,,55.88,71.12,24.947580350000003,36.287389600000004,12.0,14.0,0.2,,0.8,1.0,0.8
German Pinscher,134,43.18,50.8,11.33980925,20.41165665,12.0,14.0,0.2,0.4,1.0,0.6,0.6
German Shepherd Dog,2,55.88,66.04,22.6796185,40.8233133,7.0,10.0,0.4,0.8,0.6,1.0,0.6
German Shorthaired Pointer,9,53.34,63.5,20.41165665,31.751465900000003,10.0,12.0,0.4,0.8,1.0,1.0,0.8
German Spitz,,30.48,38.1,10.886216880000001,11.793401620000001,13.0,15.0,0.6,0.6,0.6,1.0,0.4
German Wirehaired Pointer,63,55.88,66.04,22.6796185,31.751465900000003,14.0,16.0,0.4,0.8,1.0,1.0,0.4
Giant Schnauzer,78,59.69,69.85,24.947580350000003,38.55535145,12.0,15.0,0.8,,1.0,0.8,0.6
Glen of Imaal Terrier,174,31.75,35.56,14.51495584,18.143694800000002,10.0,15.0,0.6,0.4,0.6,0.4,0.6
Golden Retriever,3,54.61,60.96,24.947580350000003,34.01942775,10.0,12.0,0.4,0.6,1.0,1.0,0.8
Gordon Setter,115,58.42,68.58,20.41165665,36.287389600000004,12.0,13.0,0.4,0.6,1.0,0.4,0.4
Grand Basset Griffon Vendéen,177,39.37,45.72,18.143694800000002,20.41165665,13.0,15.0,0.4,0.6,1.0,0.4,0.8
Great Dane,16,71.12,81.28,49.895160700000005,79.37866475,7.0,10.0,0.2,0.6,0.8,0.6,0.6
Great Pyrenees,66,63.5,81.28,38.55535145,45.359237,10.0,12.0,0.4,0.6,1.0,0.4,0.4
Greater Swiss Mountain Dog,74,59.69,72.39,38.55535145,63.502931800000006,8.0,11.0,0.4,0.6,0.8,0.6,0.6
Greyhound,145,68.58,76.2,27.2155422,31.751465900000003,10.0,13.0,0.2,0.4,0.8,0.4,0.8
Hamiltonstovare,,48.26,60.96,18.143694800000002,34.01942775,14.0,17.0,0.2,0.2,0.8,0.6,0.8
Hanoverian Scenthound,,48.26,53.34,35.83379723,44.905644630000005,10.0,14.0,0.2,0.2,0.6,0.4,0.4
Harrier,189,48.26,53.34,20.41165665,27.2155422,12.0,15.0,0.4,0.4,1.0,0.8,0.8
Havanese,24,21.59,29.21,3.17514659,5.8967008100000005,14.0,16.0,0.6,0.4,0.6,0.8,1.0
Hokkaido,,45.72,50.8,19.958064280000002,29.937096420000003,12.0,15.0,0.4,0.6,0.8,,
Hovawart,,58.42,71.12,29.48350405,40.8233133,10.0,14.0,0.2,0.6,0.6,0.2,0.4
Ibizan Hound,152,57.15,69.85,20.41165665,22.6796185,11.0,14.0,0.2,0.4,1.0,0.4,0.4
Icelandic Sheepdog,155,41.910000000000004,45.72,11.33980925,13.6077711,12.0,14.0,0.4,0.6,0.8,1.0,0.8
Irish Red and White Setter,146,57.15,66.04,15.875732950000002,27.2155422,11.0,15.0,0.4,,1.0,0.8,0.8
Irish Setter,77,63.5,68.58,27.2155422,31.751465900000003,12.0,15.0,0.6,0.6,1.0,0.6,1.0
Irish Terrier,116,45.72,45.72,11.33980925,12.24699399,13.0,15.0,0.2,,0.6,0.6,0.6
Irish Water Spaniel,159,53.34,60.96,20.41165665,30.84428116,12.0,13.0,0.4,0.6,1.0,0.8,0.4
Irish Wolfhound,76,76.2,81.28,47.62719885,54.4310844,6.0,8.0,0.4,0.6,0.6,0.4,0.6
Italian Greyhound,73,33.02,38.1,3.17514659,6.35029318,14.0,15.0,0.2,0.6,0.6,0.4,0.2
Jagdterrier,,33.02,40.64,7.71107029,9.979032140000001,10.0,12.0,,,,,
Japanese Chin,104,20.32,27.94,3.17514659,4.9895160700000005,10.0,12.0,0.4,0.6,0.6,0.4,0.4
Japanese Spitz,,30.48,38.1,4.535923700000001,11.33980925,12.0,14.0,0.4,0.4,0.6,0.8,0.8
Jindo,,45.72,55.88,13.6077711,22.6796185,14.0,14.0,0.4,0.6,0.8,0.4,0.4
Kai Ken,,39.37,49.53,9.071847400000001,18.143694800000002,12.0,15.0,0.2,0.6,0.8,0.4,0.4
Karelian Bear Dog,,48.26,59.69,19.958064280000002,22.22602613,11.0,13.0,0.2,0.6,0.4,,
Keeshond,95,43.18,45.72,15.875732950000002,20.41165665,12.0,15.0,0.6,0.6,0.6,0.8,0.8
Kerry Blue Terrier,129,44.45,49.53,14.968548210000002,18.143694800000002,12.0,15.0,0.6,,0.6,0.2,0.6
Kishu Ken,,43.18,55.88,13.6077711,27.2155422,11.0,13.0,0.2,0.6,0.8,0.4,0.4
Komondor,173,64.77,69.85,36.287389600000004,45.359237,10.0,12.0,1.0,0.6,0.6,0.4,0.4
Kromfohrlander,,38.1,45.72,9.071847400000001,15.875732950000002,13.0,15.0,0.6,0.8,0.6,0.6,0.4
Kuvasz,163,66.04,76.2,31.751465900000003,52.163122550000004,10.0,12.0,0.4,0.8,0.6,0.4,0.4
Labrador Retriever,1,54.61,62.230000000000004,24.947580350000003,36.287389600000004,10.0,12.0,0.4,0.8,1.0,1.0,1.0
Lagotto Romagnolo,99,40.64,48.26,10.886216880000001,15.875732950000002,15.0,17.0,0.2,0.2,0.6,1.0,0.6
Lakeland Terrier,147,35.56,38.1,7.71107029,7.71107029,12.0,15.0,0.4,0.2,0.6,0.6,0.6
Lancashire Heeler,,25.4,30.48,4.082331330000001,7.71107029,12.0,15.0,0.2,0.6,0.8,0.8,0.8
Lapponian Herder,,45.72,50.8,31.751465900000003,31.751465900000003,10.0,14.0,0.4,0.6,0.6,1.0,0.4
Leonberger,93,64.77,80.01,40.8233133,77.1107029,9.0,9.0,0.8,0.8,0.6,1.0,0.8
Lhasa Apso,71,25.4,27.94,5.4431084400000005,8.164662660000001,12.0,15.0,0.6,0.2,0.6,0.4,0.4
Löwchen,168,27.94,33.02,4.535923700000001,6.80388555,15.0,15.0,0.2,0.2,0.6,0.6,1.0
Maltese,37,17.78,22.86,3.17514659,3.17514659,12.0,15.0,0.8,0.2,0.6,0.6,1.0
Manchester Terrier (Standard),133,38.1,40.64,5.4431084400000005,9.979032140000001,15.0,17.0,0.4,0.4,0.6,0.8,0.6
Manchester Terrier (Toy),133,25.4,30.48,5.4431084400000005,5.4431084400000005,15.0,17.0,0.4,0.4,0.6,0.8,0.6
Mastiff,29,69.85,76.2,54.4310844,104.32624510000001,6.0,10.0,0.2,0.4,0.6,0.6,0.6
Miniature American Shepherd,34,33.02,45.72,9.071847400000001,18.143694800000002,12.0,13.0,0.8,1.0,0.8,1.0,0.8
Miniature Bull Terrier,110,25.4,35.56,8.164662660000001,12.70058636,11.0,13.0,0.2,0.4,0.8,0.4,0.6
Miniature Pinscher,70,25.4,31.75,3.62873896,4.535923700000001,12.0,16.0,0.2,0.2,0.6,0.4,0.6
Miniature Schnauzer,19,30.48,35.56,4.9895160700000005,9.071847400000001,12.0,15.0,1.0,0.2,0.6,1.0,0.6
Mountain Cur,,40.64,66.04,13.6077711,27.2155422,10.0,13.0,0.2,0.6,1.0,0.2,0.4
Mudi,,38.1,46.99,8.164662660000001,13.15417873,12.0,14.0,0.2,0.4,1.0,1.0,0.4
Neapolitan Mastiff,102,60.96,78.74,49.895160700000005,68.0388555,7.0,9.0,0.4,0.6,0.6,0.2,0.2
Nederlandse Kooikerhondje,150,35.56,43.18,9.071847400000001,13.6077711,12.0,15.0,0.4,0.6,0.6,1.0,0.4
Newfoundland,40,66.04,71.12,45.359237,68.0388555,9.0,10.0,0.4,0.6,0.6,0.8,0.8
Norfolk Terrier,126,22.86,25.4,4.9895160700000005,5.4431084400000005,12.0,16.0,0.4,0.6,0.6,0.6,0.8
Norrbottenspets,,41.910000000000004,45.72,9.071847400000001,13.6077711,14.0,17.0,0.4,0.4,0.8,,
Norwegian Buhund,165,40.64,46.99,11.793401620000001,18.143694800000002,12.0,15.0,0.4,0.6,0.8,0.8,0.8
Norwegian Elkhound,97,49.53,52.07,21.772433760000002,24.947580350000003,12.0,15.0,0.4,0.6,0.6,0.6,0.8
Norwegian Lundehund,191,30.48,38.1,9.071847400000001,13.6077711,12.0,15.0,0.4,0.6,0.8,0.6,0.4
Norwich Terrier,108,25.4,25.4,5.4431084400000005,5.4431084400000005,12.0,15.0,0.4,0.6,0.8,0.6,0.8
Nova Scotia Duck Tolling Retriever,83,43.18,53.34,15.875732950000002,22.6796185,12.0,14.0,0.4,0.6,1.0,0.8,0.8
Old English Sheepdog,72,53.34,55.88,27.2155422,45.359237,10.0,12.0,0.6,0.6,0.6,0.4,0.6
Otterhound,182,60.96,68.58,36.287389600000004,52.163122550000004,10.0,13.0,0.4,0.6,0.6,0.2,0.6
Papillon,54,20.32,27.94,2.2679618500000003,4.535923700000001,14.0,16.0,0.4,0.6,0.6,1.0,1.0
Parson Russell Terrier,117,33.02,35.56,5.8967008100000005,7.71107029,13.0,15.0,0.4,0.4,1.0,0.6,0.8
Pekingese,92,15.24,22.86,6.35029318,6.35029318,12.0,14.0,0.6,0.6,0.4,0.2,0.4
Pembroke Welsh Corgi,13,25.4,30.48,12.70058636,13.6077711,12.0,13.0,0.4,0.8,0.8,0.6,1.0
Perro de Presa Canario,,55.88,66.04,38.10175908,49.895160700000005,9.0,11.0,0.2,0.6,0.4,,
Peruvian Inca Orchid,,24.765,65.405,3.855535145,24.947580350000003,12.0,14.0,0.2,0.8,0.8,0.6,0.4
Petit Basset Griffon Vendéen,156,33.02,38.1,11.33980925,18.143694800000002,12.0,14.0,0.4,0.4,0.8,0.4,0.8
Pharaoh Hound,172,53.34,63.5,20.41165665,24.947580350000003,12.0,14.0,0.4,0.6,0.8,0.4,0.4
Plott Hound,171,50.8,63.5,18.143694800000002,27.2155422,12.0,14.0,0.2,0.4,0.8,0.4,0.6
Pointer,114,58.42,71.12,20.41165665,34.01942775,12.0,17.0,0.4,0.4,0.8,0.6,0.6
Polish Lowland Sheepdog,170,43.18,50.8,13.6077711,22.6796185,12.0,14.0,0.8,0.6,0.8,0.2,0.2
Pomeranian,23,15.24,17.78,1.3607771100000001,3.17514659,12.0,16.0,0.6,0.6,0.6,0.6,0.6
Poodle (Miniature),7,25.4,38.1,4.535923700000001,6.80388555,10.0,18.0,,,,,
Poodle (Standard),7,38.1,38.1,18.143694800000002,31.751465900000003,10.0,18.0,1.0,0.2,0.6,1.0,0.8
Poodle (Toy),7,25.4,25.4,1.81436948,2.7215542200000002,10.0,18.0,1.0,0.2,0.6,1.0,0.8
Porcelaine,,55.88,58.42,24.947580350000003,28.12272694,12.0,13.0,0.2,,0.8,,0.6
Portuguese Podengo,,40.64,71.12,15.875732950000002,29.937096420000003,10.0,12.0,0.4,0.8,0.8,0.6,0.4
Portuguese Podengo Pequeno,154,20.32,30.48,4.082331330000001,5.8967008100000005,12.0,15.0,0.4,0.6,0.8,0.6,0.8
Portuguese Pointer,,52.07,55.88,15.875732950000002,26.761949830000002,14.0,14.0,0.2,0.4,0.8,1.0,0.8
Portuguese Sheepdog,,41.910000000000004,54.61,17.009713875,26.761949830000002,12.0,13.0,0.4,0.4,0.8,,
Portuguese Water Dog,50,43.18,58.42,15.875732950000002,27.2155422,11.0,13.0,0.8,0.6,0.8,0.8,0.6
Pudelpointer,,55.88,66.04,20.41165665,31.751465900000003,14.0,14.0,0.2,0.6,0.6,,
Pug,28,25.4,33.02,6.35029318,8.164662660000001,13.0,15.0,0.4,0.8,0.6,0.6,0.8
Puli,160,40.64,43.18,11.33980925,15.875732950000002,10.0,15.0,1.0,0.2,0.6,0.4,0.4
Pumi,151,38.1,46.99,9.979032140000001,13.15417873,12.0,13.0,0.2,0.2,0.8,0.8,0.6
Pyrenean Mastiff,,63.5,78.74,54.4310844,108.8621688,10.0,13.0,0.6,0.6,0.4,,
Pyrenean Shepherd,181,38.1,53.34,6.80388555,13.6077711,0.0,0.0,0.4,0.6,0.8,0.6,0.4
Rafeiro do Alentejo,,63.5,73.66,34.926612490000004,59.874192840000006,12.0,14.0,0.4,0.6,0.4,,
Rat Terrier,86,25.4,45.72,4.535923700000001,11.33980925,12.0,18.0,0.4,0.6,0.6,0.8,0.8
Redbone Coonhound,142,53.34,68.58,20.41165665,31.751465900000003,12.0,15.0,0.4,0.6,0.6,0.8,0.8
Rhodesian Ridgeback,41,60.96,68.58,31.751465900000003,38.55535145,10.0,10.0,0.4,0.6,0.6,0.4,0.6
Romanian Mioritic Shepherd Dog,,57.15,73.66,45.359237,58.9670081,12.0,14.0,0.4,0.4,0.6,0.4,0.2
Rottweiler,8,55.88,68.58,36.287389600000004,61.23496995,9.0,10.0,0.4,0.6,0.6,0.6,0.4
Russell Terrier,82,25.4,30.48,4.082331330000001,6.80388555,12.0,14.0,0.4,0.4,1.0,0.6,0.8
Russian Toy,,20.32,27.94,2.9483504050000002,2.9483504050000002,12.0,14.0,0.4,0.2,0.6,0.6,0.8
Russian Tsvetnaya Bolonka,,22.86,25.4,2.0411656650000003,4.9895160700000005,12.0,16.0,0.6,0.2,0.6,0.6,0.8
Saint Bernard,48,66.04,76.2,54.4310844,81.6466266,8.0,10.0,0.4,0.6,0.6,0.6,0.8
Saluki,120,58.42,71.12,18.143694800000002,29.48350405,10.0,17.0,0.2,0.4,0.8,0.4,0.4
Samoyed,59,48.26,59.69,15.875732950000002,29.48350405,12.0,14.0,0.6,0.6,0.8,0.4,0.8
Schapendoes,,40.64,50.8,11.793401620000001,24.947580350000003,12.0,15.0,0.4,0.6,0.6,0.8,0.6
Schipperke,105,25.4,33.02,4.535923700000001,7.25747792,12.0,14.0,0.4,0.6,0.8,0.4,0.6
Scottish Deerhound,158,71.12,81.28,34.01942775,49.895160700000005,8.0,11.0,0.2,0.6,0.6,0.4,0.6
Scottish Terrier,57,25.4,25.4,8.164662660000001,9.979032140000001,12.0,12.0,0.6,0.4,0.6,0.4,0.6
Sealyham Terrier,164,26.67,26.67,10.43262451,10.886216880000001,12.0,14.0,0.6,0.6,0.6,0.4,0.6
Segugio Italiano,,48.26,58.42,18.143694800000002,27.2155422,11.0,13.0,0.4,0.6,,1.0,
Shetland Sheepdog,25,33.02,40.64,6.80388555,11.33980925,12.0,14.0,0.6,0.6,0.6,1.0,0.4
Shiba Inu,44,34.29,41.910000000000004,7.71107029,10.43262451,13.0,16.0,0.4,0.6,0.6,0.4,0.4
Shih Tzu,20,22.86,26.67,4.082331330000001,7.25747792,10.0,18.0,0.8,0.2,0.6,0.6,0.8
Shikoku,,43.18,55.88,15.875732950000002,24.947580350000003,10.0,12.0,0.4,,0.6,,
Siberian Husky,14,50.8,59.69,15.875732950000002,27.2155422,12.0,14.0,0.4,0.6,0.8,0.4,0.8
Silky Terrier,112,22.86,25.4,4.535923700000001,4.535923700000001,13.0,15.0,0.6,0.4,0.6,0.6,0.6
Skye Terrier,178,24.13,25.4,15.875732950000002,20.41165665,12.0,14.0,0.8,0.6,0.6,0.4,0.4
Sloughi,192,60.96,73.66,15.875732950000002,22.6796185,10.0,15.0,0.4,0.2,0.6,0.4,0.4
Slovakian Wirehaired Pointer,,57.15,67.31,22.6796185,29.48350405,12.0,15.0,0.2,0.4,0.8,0.4,1.0
Slovensky Cuvac,,58.42,69.85,30.84428116,43.99845989,11.0,13.0,0.4,0.8,0.4,,
Slovensky Kopov,,40.64,50.8,14.968548210000002,19.958064280000002,12.0,13.0,0.2,0.6,0.6,,
Small Munsterlander Pointer,,52.07,53.34,18.143694800000002,27.2155422,12.0,14.0,0.2,0.6,1.0,0.6,0.8
Smooth Fox Terrier,123,38.1,38.1,6.80388555,8.164662660000001,12.0,15.0,0.4,0.4,0.8,0.6,0.8
Soft Coated Wheaten Terrier,53,43.18,48.26,13.6077711,18.143694800000002,12.0,14.0,0.6,0.2,0.8,0.4,0.6
Spanish Mastiff,,71.12,88.9,63.502931800000006,90.718474,10.0,12.0,,0.6,0.4,,
Spanish Water Dog,153,40.005,50.165,14.06136347,22.22602613,12.0,14.0,1.0,0.2,0.8,1.0,0.4
Spinone Italiano,109,55.88,68.58,,,10.0,12.0,0.4,,0.8,0.6,0.6
Stabyhoun,,48.26,53.34,18.143694800000002,27.2155422,13.0,15.0,0.2,0.6,0.8,0.8,0.6
Staffordshire Bull Terrier,80,35.56,40.64,10.886216880000001,17.23651006,12.0,14.0,0.4,0.4,0.8,0.2,0.8
Standard Schnauzer,89,44.45,49.53,13.6077711,22.6796185,13.0,16.0,0.6,0.2,0.6,0.4,0.8
Sussex Spaniel,180,33.02,38.1,15.875732950000002,20.41165665,13.0,15.0,0.6,0.6,0.6,0.4,0.4
Swedish Lapphund,,40.64,50.8,13.6077711,20.41165665,12.0,14.0,0.4,0.6,0.6,0.2,0.6
Swedish Vallhund,169,29.21,34.925,9.071847400000001,15.875732950000002,12.0,15.0,0.2,0.6,1.0,1.0,0.8
Taiwan Dog,,43.18,50.8,11.793401620000001,18.143694800000002,9.0,13.0,0.4,0.6,1.0,0.8,0.4
Teddy Roosevelt Terrier,,20.32,38.1,3.62873896,11.33980925,14.0,16.0,0.4,0.6,0.8,1.0,0.8
Thai Ridgeback,,50.8,60.96,15.875732950000002,34.01942775,12.0,13.0,0.2,0.6,0.8,0.4,0.4
Tibetan Mastiff,131,60.96,66.04,31.751465900000003,68.0388555,10.0,12.0,0.6,0.6,0.6,0.4,0.6
Tibetan Spaniel,119,25.4,25.4,4.082331330000001,6.80388555,12.0,15.0,0.4,0.6,0.4,0.6,0.6
Tibetan Terrier,96,35.56,43.18,8.164662660000001,13.6077711,15.0,16.0,0.6,0.6,0.8,0.4,0.4
Tornjak,,58.42,71.12,28.12272694,49.895160700000005,12.0,14.0,,,,0.8,0.6
Tosa,,54.61,59.69,45.359237,90.718474,10.0,12.0,0.2,0.4,0.4,0.6,0.4
Toy Fox Terrier,111,21.59,29.21,1.587573295,3.17514659,13.0,15.0,0.4,0.4,0.8,1.0,0.8
Transylvanian Hound,,55.88,66.04,24.947580350000003,24.947580350000003,10.0,14.0,0.4,,1.0,0.2,
Treeing Tennessee Brindle,,40.64,60.96,13.6077711,22.6796185,10.0,12.0,0.4,0.4,0.6,,
Treeing Walker Coonhound,137,50.8,68.58,22.6796185,31.751465900000003,12.0,13.0,0.2,0.6,0.6,0.4,0.8
Vizsla,31,53.34,60.96,19.958064280000002,27.2155422,12.0,14.0,0.4,0.6,0.8,1.0,0.8
Weimaraner,36,58.42,68.58,24.947580350000003,40.8233133,10.0,13.0,0.4,0.6,1.0,1.0,0.8
Welsh Springer Spaniel,128,43.18,48.26,15.875732950000002,24.947580350000003,12.0,15.0,0.4,,0.8,0.8,0.8
Welsh Terrier,107,38.1,38.1,9.071847400000001,9.071847400000001,12.0,15.0,0.6,0.4,0.8,0.6,1.0
West Highland White Terrier,42,25.4,27.94,6.80388555,9.071847400000001,13.0,15.0,0.8,0.6,0.6,0.6,0.8
Wetterhoun,,12.7,58.42,22.6796185,34.01942775,13.0,13.0,0.2,0.4,0.6,0.2,0.4
Whippet,61,45.72,55.88,11.33980925,18.143694800000002,12.0,15.0,0.2,0.4,0.6,0.4,0.4
Wire Fox Terrier,101,38.1,38.1,6.80388555,8.164662660000001,12.0,15.0,0.4,0.2,0.6,0.6,0.6
Wirehaired Pointing Griffon,65,50.8,60.96,15.875732950000002,31.751465900000003,12.0,15.0,0.4,0.6,1.0,0.6,0.6
Wirehaired Vizsla,167,54.61,63.5,20.41165665,29.48350405,12.0,14.0,0.2,0.6,0.8,0.6,0.6
Working Kelpie,,48.26,63.5,12.70058636,27.2155422,12.0,15.0,0.2,0.6,0.8,0.4,0.6
Xoloitzcuintli,140,25.4,58.42,4.535923700000001,24.947580350000003,13.0,18.0,0.2,0.2,0.8,0.6,0.6
Yakutian Laika,,53.34,58.42,18.143694800000002,24.947580350000003,10.0,12.0,0.4,0.6,0.8,0.2,0.4
Yorkshire Terrier,10,17.78,20.32,3.17514659,3.17514659,11.0,15.0,1.0,0.2,0.6,0.2,0.8