,Comprimento,Altura,Peso,Classe
0,89.64378286590431,44.226691704214915,20.390769422452372,Cachorro
1,69.26682514276607,43.05887784211526,15.026365248198292,Cachorro
2,70.52171822367755,28.295194938821197,12.31996821726723,Cachorro
3,88.27612411680079,49.448005510955426,15.809472915276617,Cachorro
4,91.23591879924038,72.29875236635831,12.843536261778205,Cachorro
5,108.7521805093229,60.38459751962045,21.8383374696977,Cachorro
6,114.39658352109927,66.67981543236199,28.169947465499007,Cachorro
7,105.01524370611958,44.41524690898257,11.810270542729034,Cachorro
8,111.37242147693303,44.57751165767242,13.454354059659359,Cachorro
9,91.22872415274782,51.86772113573763,17.058078660252605,Cachorro
10,116.22672811601414,18.564519722225803,15.953865328188915,Cachorro
11,123.2286190913856,35.67351323313266,12.79971386694459,Cachorro
12,91.68218263921969,72.87234032701429,14.753974613935721,Cachorro
13,97.74680468790933,32.47600764991254,17.326338412347326,Cachorro
14,101.99183460915408,49.53507519833443,11.97737746171457,Cachorro
15,112.95979795791676,52.34943223244073,24.56274274149041,Cachorro
16,89.0242687105042,68.72591105437931,21.694081424467825,Cachorro
17,105.92824053757458,54.769415132306975,22.38993240833648,Cachorro
18,81.88687379083318,27.70048565689354,11.21953213874882,Cachorro
19,106.64974778243803,39.53933530827542,22.34502699758908,Cachorro
20,109.38156853507424,48.720170003632035,14.020231922705257,Cachorro
21,125.27928183028382,34.891813561552596,24.640719085320562,Cachorro
22,103.64899593545557,29.276770673410653,18.173961969271513,Cachorro
23,113.24413144343016,39.79770345459509,25.337375592640193,Cachorro
24,105.00753460682769,22.47193711983702,3.80468397963946,Cachorro
25,83.95223877673257,40.44546568168127,15.284275156718643,Cachorro
26,93.65270493053339,73.0529031357255,19.97030937285474,Cachorro
27,96.44941416716391,21.493354764794812,12.824546886959375,Cachorro
28,114.6632717040113,53.289488429569076,24.120837766304426,Cachorro
29,92.11312456811673,50.54680554986271,20.646824240152583,Cachorro
30,100.48926343739627,29.841935369278286,13.179645244627402,Cachorro
31,105.98972716812403,51.49169491201864,12.504707466001936,Cachorro
32,94.71809119295101,39.285068219909,17.17222427282515,Cachorro
33,101.50758520356824,65.71310220792769,18.661586857023252,Cachorro
34,105.00079992147998,56.887866464928464,19.037223989946256,Cachorro
35,96.27614832985321,14.994257732473056,15.241183785965292,Cachorro
36,95.21654090043245,45.3290415558338,9.079930972525526,Cachorro
37,100.01803201208995,41.913858560121916,29.05042492431017,Cachorro
38,104.52556284668884,40.15521525761438,17.66183211194653,Cachorro
39,125.65276406712395,30.270089081079607,21.36031213177121,Cachorro
40,81.8209027124289,54.296889865124925,24.555674953309854,Cachorro
41,128.62483748653526,38.383193699612285,29.06149357127819,Cachorro
42,118.34518431705015,55.20003984169842,20.8168414291981,Cachorro
43,106.40853055524487,68.24249742708496,21.48096165472721,Cachorro
44,122.43613061846065,40.65889673989868,14.709368104030336,Cachorro
45,67.48956463794687,51.09478996916311,15.445582435200462,Cachorro
46,80.94205341396561,59.565413035745735,19.724542053170605,Cachorro
47,70.27919758990883,63.66284569067099,19.378567023299485,Cachorro
48,96.96505052808166,32.38392069821336,10.815427021627393,Cachorro
49,127.35602657210632,40.0799654535857,20.504693346210004,Cachorro
50,96.0014503143312,38.52088074270106,14.018836579051895,Cachorro
51,96.24973908909342,39.37707972536797,13.974630317895677,Cachorro
52,64.34205614833488,32.137574289064354,9.093969492600056,Cachorro
53,84.50362893644164,55.973957620879624,22.083358240584687,Cachorro
54,74.8392889089087,52.13449994592998,21.885459033293873,Cachorro
55,93.19672402700043,29.71279042134031,24.650761478056612,Cachorro
56,103.37075753644247,56.26490280453187,15.532726849075821,Cachorro
57,115.93858935217467,47.36846752621379,20.881082254409307,Cachorro
58,96.40715640543351,31.018368783041,16.354447048684456,Cachorro
59,69.80042135294866,42.17825159971413,28.496425951434965,Cachorro
60,85.876540670017,55.30312282210198,13.570501576801714,Cachorro
61,89.71284256484141,45.48647959709687,20.843865273501564,Cachorro
62,90.6538600934557,44.110667783181164,13.586674075311493,Cachorro
63,128.83781184582412,54.597122324527035,24.827600290545362,Cachorro
64,92.8295412209627,61.58483915701495,20.401603490662765,Cachorro
65,90.2676036888971,55.77023320691015,19.49312926121621,Cachorro
66,96.11458620754745,60.43961475592152,21.30731756647297,Cachorro
67,91.07994053060807,25.87731279723202,20.22177431917987,Cachorro
68,125.06983203523664,61.58926016884226,23.848899506802386,Cachorro
69,89.968301942621,32.91019015962962,33.79549604860061,Cachorro
70,91.0264893628827,25.12748810742471,19.67485622614368,Cachorro
71,86.13380470996286,46.31281872024115,20.936475322723027,Cachorro
72,114.93374515708892,50.017901671401376,17.339585317750906,Cachorro
73,104.20073396273546,10.710500156644763,5.851402922849511,Cachorro
74,82.77352293649243,65.91685175410652,17.357593237526462,Cachorro
75,78.79956594912478,40.394804921836446,11.408809626770655,Cachorro
76,115.9682306831543,36.507001173811474,14.720371333514846,Cachorro
77,95.97641476084279,43.028572808482956,14.666994132893018,Cachorro
78,59.404497219993125,29.395355553330912,4.668401311520952,Cachorro
79,94.54630560917695,52.731765483584454,22.594931440258236,Cachorro
80,115.34611133263103,47.76759696612041,21.643421289875874,Cachorro
81,80.12254639748636,59.25357050292892,17.06520351059547,Cachorro
82,107.46445805609952,54.08917209903413,27.689223564002077,Cachorro
83,88.80688983206467,60.85614075949907,23.496162358348464,Cachorro
84,60.623182071580324,23.339888232416296,6.359897653183971,Cachorro
85,112.7260948481975,27.180476822769425,13.560817235199245,Cachorro
86,93.21309074260665,31.78460683076588,11.9485059467704,Cachorro
87,93.97920840497852,92.34314125713881,18.523581219333796,Cachorro
88,101.71144530742137,62.23700315494152,27.682713830069915,Cachorro
89,127.36080900113367,54.628433620472165,21.419188787613184,Cachorro
90,67.7531346712729,60.23573649604512,23.32129864799451,Cachorro
91,97.41243777030297,58.15439952380542,21.597822261096855,Cachorro
92,94.64357858063349,52.19612520144069,18.951875115864222,Cachorro
93,107.74188211032474,43.1272579199205,21.385617418362493,Cachorro
94,65.07944438778893,56.39337879302473,27.167887855179494,Cachorro
95,138.2735229962067,51.697905101412914,23.815091715753066,Cachorro
96,93.03722752448108,52.428598285523975,17.611186048495277,Cachorro
97,108.21135158357136,53.67820056162092,23.48782248246352,Cachorro
98,91.07396682450349,52.66027808306666,22.600395975178714,Cachorro
99,95.60400447420076,30.81805219555713,19.110707750828748,Cachorro
100,114.98002930311989,54.29605357961562,23.484788823038215,Cachorro
101,87.79600154843064,42.441235366854826,17.646524383450657,Cachorro
102,73.11161404341534,48.63148258125909,19.473205093951858,Cachorro
103,103.22585467989951,47.22637419576096,23.59582032594672,Cachorro
104,85.13547429026248,28.925316857938974,21.37981607334706,Cachorro
105,101.23652182697731,34.07676233886481,15.506787619589257,Cachorro
106,93.23492024503547,44.90362529259108,18.154187369630698,Cachorro
107,85.74084987218056,53.17814417883607,27.81595507467806,Cachorro
108,116.88080054530813,64.21775145848665,26.621614345845867,Cachorro
109,85.54736251844012,32.1601835759992,18.673039749233148,Cachorro
110,98.15478925089711,57.18327978033516,19.758709876736354,Cachorro
111,115.73851338850841,31.74812441632384,16.832164255779173,Cachorro
112,115.54896819608616,50.94993693839801,21.59997678061386,Cachorro
113,109.23871667777762,57.62419824531429,21.225280046933932,Cachorro
114,94.0888507874942,50.97048405906507,16.29949794382524,Cachorro
115,92.421857129983,65.32646474502661,13.564378098117569,Cachorro
116,113.69803269307047,49.10003347156686,20.811311285296437,Cachorro
117,72.7114624827561,27.115569550852715,13.73043667880417,Cachorro
118,98.07135225149746,58.799452571647706,19.507763032587935,Cachorro
119,106.69565179389193,40.54047374697064,14.200423957481323,Cachorro
120,93.24543865671177,19.99487316430474,14.341973999040427,Cachorro
121,93.71657578868681,32.87778336701711,14.513286783265507,Cachorro
122,95.55177078276887,43.10151193237442,18.084777939572955,Cachorro
123,115.28138917294173,45.667100576898825,21.365612210976256,Cachorro
124,72.81864422643811,24.49244111919284,24.036145872016316,Cachorro
125,117.2061995810693,33.353998613145464,18.61707514832307,Cachorro
126,54.85695418599231,49.83949079637202,12.191751899558103,Cachorro
127,107.14859440263893,77.25929578852762,19.839035604759424,Cachorro
128,115.33700994318211,43.857173643591814,20.44422817915849,Cachorro
129,65.07277538484045,24.783533001433113,11.105269203130705,Cachorro
130,119.32809791868972,40.11307722989329,12.62823091457256,Cachorro
131,66.46064223452527,21.49408258817986,11.300960411196487,Cachorro
132,137.1826945182083,29.228533138555655,17.941351907654983,Cachorro
133,71.89255738036448,64.08319487105686,15.927743169921856,Cachorro
134,100.12245549008487,43.52780511542956,15.88996302883909,Cachorro
135,85.2032174980033,57.92224812796089,18.088626927918583,Cachorro
136,98.60927692425255,35.714239641389455,20.22581383669946,Cachorro
137,118.46827374929484,69.2082140374468,27.83714751241186,Cachorro
138,91.26525496376003,53.211699811083854,25.661324768723127,Cachorro
139,100.403179079452,26.291397731172488,16.29272078836695,Cachorro
140,63.17564291506191,12.237962429816552,11.052281321604463,Cachorro
141,81.82789872362632,30.931268152789368,21.707503451757276,Cachorro
142,120.47156458252593,36.22125970556988,23.14857182382682,Cachorro
143,132.74538504640256,67.64982514695882,13.287804822066972,Cachorro
144,106.61107030370829,33.47108167426759,24.058160736274978,Cachorro
145,102.64557765270148,20.562860829870356,9.128637364897868,Cachorro
146,133.60856774616587,49.654166265286435,22.37146619432217,Cachorro
147,95.90654508555795,74.5269901357646,20.869921719030106,Cachorro
148,127.36072871407454,37.82541346612985,20.56427421448083,Cachorro
149,117.76440635659677,54.88159240713854,15.434887147134468,Cachorro
150,103.70626025029786,30.660149977208082,12.161348870321287,Cachorro
151,88.97309500058422,50.71412148746608,14.496598547030569,Cachorro
152,99.88500362598761,59.818437941,17.27824127107232,Cachorro
153,128.3160565879739,18.649640575810704,16.89210093961906,Cachorro
154,114.42285107023714,42.982850188251156,18.208996653885556,Cachorro
155,105.60634281556116,35.233959495265694,20.788827368082163,Cachorro
156,109.28316365865072,54.174144314562014,18.452859519204935,Cachorro
157,141.87503052965926,72.36526809733927,29.974573423121512,Cachorro
158,66.59711570670045,42.49593641575757,18.52146856425819,Cachorro
159,100.62089906945295,-2.7504862745853416,17.78130679452216,Cachorro
160,100.76042771331917,59.255684057773024,12.439191463095364,Cachorro
161,94.58835972747158,55.25266894096444,12.462300258567993,Cachorro
162,109.90718364288774,60.93067571482887,28.260957590439638,Cachorro
163,82.07886010385434,40.74129210369194,23.362547131343433,Cachorro
164,96.07705580610661,55.63791301223503,26.09297659667338,Cachorro
165,86.95331161274419,57.748993717727245,17.950905902027873,Cachorro
166,113.96267620806736,66.43057621059397,25.643384079665797,Cachorro
167,58.69725072581407,58.61496631460548,19.855647921268023,Cachorro
168,111.95766270473122,53.39078573272815,17.06409317293716,Cachorro
169,117.49342356055102,46.27351034197221,15.473525209231866,Cachorro
170,94.57438360012104,44.062624837763394,16.595675171121048,Cachorro
171,116.50041430619672,54.768011321708315,23.664933332621132,Cachorro
172,87.76950428328975,56.83365226137919,19.22068326197456,Cachorro
173,81.08219274054582,66.03005717709335,21.92537745619606,Cachorro
174,114.67910248086511,37.97019573947883,14.663022721165373,Cachorro
175,132.08903506514366,73.23153780791164,23.459366595033238,Cachorro
176,92.58791213634494,56.19048848823576,21.899129588996782,Cachorro
177,133.1719980565615,50.51362120246234,15.13432700455976,Cachorro
178,113.28414009647149,45.677926661476576,15.024419722694521,Cachorro
179,110.11076918601032,30.64793910867937,14.407197774545969,Cachorro
180,80.6552844500001,57.85614914154539,20.896619888294524,Cachorro
181,65.87458299975414,76.47519746681391,16.099245702622625,Cachorro
182,87.97082347964871,45.08473848757479,19.12460256866171,Cachorro
183,112.23868052957734,44.594419087741386,18.068625695279426,Cachorro
184,77.2998840299888,36.632175622561476,17.37479092699647,Cachorro
185,107.17147311906508,52.60875082902196,17.427475885461103,Cachorro
186,91.1175035898234,48.8699773290768,19.371248906024416,Cachorro
187,60.86631505561144,25.229474122948453,12.061216057079895,Cachorro
188,75.73293380685962,47.503564424787044,7.647318400512411,Cachorro
189,115.80498145856704,74.65767553505835,20.842660026624145,Cachorro
190,103.41310318256068,19.138088085001954,16.833028582620912,Cachorro
191,106.84581214868385,33.6070688033023,7.067550193170655,Cachorro
192,97.48539496164028,32.742228935752465,9.779567711793861,Cachorro
193,78.16894539926675,35.85866424788253,13.885642725393378,Cachorro
194,92.61696186604364,8.663182883400523,14.331800456902526,Cachorro
195,94.23348615767256,50.45831922146379,14.512750928694341,Cachorro
196,81.51296682545524,54.088711076776754,18.41234641227789,Cachorro
197,110.50518433908925,38.19994927541204,19.47360104766318,Cachorro
198,78.2844624395942,48.56734618776355,16.023040492565713,Cachorro
199,118.31960932877877,53.227987682780615,21.860688873808122,Cachorro
200,82.60787405112345,54.86228486396085,22.222954257432512,Cachorro
201,73.53012363169596,32.9402645854076,23.784167852100584,Cachorro
202,112.9693795904594,65.50409898810213,13.081425058592455,Cachorro
203,71.80438101553052,29.987885275391992,14.486751764368918,Cachorro
204,91.20076983745254,58.4424427065722,30.360409444218142,Cachorro
205,97.49444699432995,41.63319550972737,20.90760329507814,Cachorro
206,91.16872627577553,39.69781311811403,13.366409201772125,Cachorro
207,94.61952620510802,14.247924317770483,20.424892231938255,Cachorro
208,67.43300753364659,47.315616108205354,11.947341795037218,Cachorro
209,102.33958583519271,42.98471288215094,23.03443432206936,Cachorro
210,137.18852958138075,26.60814584343954,17.440565714669244,Cachorro
211,106.5816404465648,60.996219301596895,12.75728658386965,Cachorro
212,84.15589248963936,41.158174484341785,10.83644802760984,Cachorro
213,124.51378935371454,51.89781023618501,27.988943008447784,Cachorro
214,101.75596182189356,66.98614124661073,19.62436509504099,Cachorro
215,99.21440271359293,84.46930975463533,22.36789604224419,Cachorro
216,105.70651990958532,33.49085203851581,25.596252606253877,Cachorro
217,77.29182319402707,45.1949093411534,11.742009327080913,Cachorro
218,49.01322424981815,35.51245041058131,14.112868196375775,Cachorro
219,100.97386428394324,41.235183929303396,17.076603233195254,Cachorro
220,110.14362155433278,53.750335529049224,19.56472697453711,Cachorro
221,109.12370046981061,56.02804060735767,20.40558980114977,Cachorro
222,109.22934140358265,24.027583425656797,4.086980807182941,Cachorro
223,81.73509473941547,23.53605646701273,5.074333105184664,Cachorro
224,106.32113216818841,51.2033058314337,12.747484666648415,Cachorro
225,112.43029137940627,61.711572208931074,28.796555406836006,Cachorro
226,84.15458864558391,22.170836670993793,17.868673273515615,Cachorro
227,121.09065277385919,54.79326445468021,22.716277387417563,Cachorro
228,125.98444538069994,37.26040371024539,17.637225900440388,Cachorro
229,108.96808254636744,34.42911300020025,19.456440739197134,Cachorro
230,110.12751845910725,28.590943506240528,11.860425984849588,Cachorro
231,89.21320634114018,33.622841395731456,14.756696667972193,Cachorro
232,90.394118691763,60.9425226867581,23.62692421919781,Cachorro
233,102.19220694220091,51.68411636679389,23.821033922666746,Cachorro
234,111.1538207178865,67.59075308585858,14.233870261977525,Cachorro
235,84.54840765191511,60.11420857026326,26.998257845418454,Cachorro
236,145.21300873591832,25.11529203580088,19.42783439931951,Cachorro
237,100.56000012830356,52.087060832894515,20.79373307727002,Cachorro
238,103.26117874629966,27.837367973571695,16.851570006833537,Cachorro
239,96.19094826591736,48.928901230223445,18.084760639101432,Cachorro
240,90.29725003905902,68.92336038148724,14.126584487182187,Cachorro
241,85.6773874359489,39.38644460012257,15.79004576827592,Cachorro
242,100.57702804025438,39.117621788605405,14.997269866268276,Cachorro
243,116.16967457962187,43.93155546223604,14.450835202974552,Cachorro
244,87.69434298169251,67.28007045437685,24.681492524022524,Cachorro
245,90.94381655563751,38.329299405056055,21.322534373058897,Cachorro
246,69.73793542644914,25.12332138405046,5.623320582876444,Cachorro
247,123.971380209433,56.953053225821115,21.00973323565727,Cachorro
248,87.99448042454904,53.03800149128675,19.19723345200185,Cachorro
249,113.96559407102248,55.951572534920395,13.744199444994173,Cachorro
250,115.48027837292427,67.10200706579319,17.091607740380024,Cachorro
251,76.18870353832025,53.46968354763224,29.767491810530963,Cachorro
252,90.85203749212134,40.270536093087486,13.102799160925134,Cachorro
253,84.72921511723132,50.32547302076268,18.397516438228898,Cachorro
254,48.62049977835252,37.24406061785827,19.493067122995214,Cachorro
255,113.42239686013806,45.67392610903916,27.091604686244427,Cachorro
256,116.44710313907558,18.849965298329085,19.30528751574884,Cachorro
257,112.37568726554622,35.864074019770726,22.241772354150818,Cachorro
258,84.2188703856328,65.61552841774194,16.2374804821296,Cachorro
259,104.58218278823577,45.50350495678692,21.285127455376585,Cachorro
260,93.29148138967908,62.90182066037593,21.529088029042455,Cachorro
261,88.87720451768888,33.40609194892528,21.08438702820593,Cachorro
262,84.51124261331398,34.82203663735981,15.71782913211151,Cachorro
263,133.93075252894158,42.49011821458309,20.7564800448815,Cachorro
264,91.94581815590448,62.52201256086556,14.709527786412757,Cachorro
265,78.80884094316309,41.112941160142014,19.555198653642066,Cachorro
266,99.25940796280167,42.99161309262262,22.14105181450366,Cachorro
267,110.59431826438728,44.353531018675895,16.53976361132849,Cachorro
268,107.86007100114116,49.713257473632495,20.134668020127677,Cachorro
269,112.64055050646338,27.425287493094324,12.727246200257834,Cachorro
270,102.31804849353477,50.26355474908109,25.488706837706122,Cachorro
271,98.86482043779638,29.025895494705793,9.399872911297509,Cachorro
272,96.72442158694051,30.093137772618675,16.583888476456128,Cachorro
273,77.27123875724675,47.719424036034724,23.562609359170835,Cachorro
274,53.613135034876336,42.76545095798742,13.111024828570859,Cachorro
275,74.90765751654655,16.759506106547384,11.001986042573208,Cachorro
276,108.05076949377015,50.08210872060858,13.008193516171525,Cachorro
277,116.135814586997,61.87273355612904,17.48102600992474,Cachorro
278,100.82139514350969,39.85513856346497,24.67673251095566,Cachorro
279,122.15779050343428,32.59748095453958,16.99757133804104,Cachorro
280,102.83348285296931,34.81196778421952,11.960905111117027,Cachorro
281,92.65774616535339,40.16709995336483,19.387307998857306,Cachorro
282,100.08387172206582,7.391952370640304,10.864261733733365,Cachorro
283,109.25763067693414,55.01672893697945,17.263179062823102,Cachorro
284,115.02944890021624,27.672808967479796,23.50586213466692,Cachorro
285,109.2949733129113,57.67563454106335,22.278228728249204,Cachorro
286,112.37572025461729,36.2258167124422,18.75601699345998,Cachorro
287,133.20575584823547,24.806844061784698,25.95599304092478,Cachorro
288,111.20404193121509,51.36151001092109,20.811657633298523,Cachorro
289,94.34583951821472,32.28860783881352,25.534329836476086,Cachorro
290,102.03720733905067,56.97179521378405,13.291497036018699,Cachorro
291,113.97176722297657,45.71630301887265,27.237407488062168,Cachorro
292,110.80256409595732,42.250341461051526,18.35305907834572,Cachorro
293,82.35787846234408,3.624492317677934,9.886399458466135,Cachorro
294,111.95068301047999,29.747781671453332,20.180129982815856,Cachorro
295,64.75592862166516,30.143815782487216,12.701737018388908,Cachorro
296,90.60704227968054,25.533165392062333,19.085179349363013,Cachorro
297,92.07480795935055,26.21624643307845,20.84817452333598,Cachorro
298,74.08298626761584,30.465719090953,14.163483869614284,Cachorro
299,100.08182501640243,26.259067564387458,12.216558566702949,Cachorro
300,91.7619519102538,48.67549468792929,18.190047692741295,Cachorro
301,75.03199048716725,37.38673199339088,15.994986015395243,Cachorro
302,128.56422208880502,36.71888678243711,21.785177863616955,Cachorro
303,56.25990152188933,42.012176283823024,16.224863333904217,Cachorro
304,98.70778088653624,20.129080301078897,14.737664645382878,Cachorro
305,95.80966770650033,34.14403868747256,17.475411779040563,Cachorro
306,109.0336101059289,41.91014463291701,23.20673721912458,Cachorro
307,120.88226184990859,45.44509668126443,16.175316510542316,Cachorro
308,72.89578170532866,63.1416790223507,16.06317661014253,Cachorro
309,96.13321267679528,19.911034917132238,14.697830933216501,Cachorro
310,115.74654287701405,18.74764281961639,9.372175084467921,Cachorro
311,144.82555211484194,44.29649378280994,18.34694216198667,Cachorro
312,121.85571254639044,36.48308208337732,19.525801582365077,Cachorro
313,108.02437859640668,64.0308683535573,24.774424185815537,Cachorro
314,86.36971626287107,42.57561466319641,25.504743798885652,Cachorro
315,117.92204925434643,69.94362795533479,18.86287089339714,Cachorro
316,101.5299823404242,40.68388261003323,16.601506656316786,Cachorro
317,89.74156516089593,60.60217690864998,25.931762606773347,Cachorro
318,104.11769203589135,27.644673203410537,17.926582003562086,Cachorro
319,92.12249745887335,34.04319672302392,18.445481041971032,Cachorro
320,90.24497051454424,22.46345449191821,15.850612201731426,Cachorro
321,85.33023363459833,42.474126929355926,23.569244633092666,Cachorro
322,117.59900723215694,19.55371134999476,16.025658038489112,Cachorro
323,128.89662931497764,46.702183302015364,16.874875530880892,Cachorro
324,81.913371362099,51.3370088401488,15.745674743436705,Cachorro
325,137.1300231938353,57.494028691812005,10.610463641525596,Cachorro
326,133.01065818291121,37.10044824032576,22.731522899339254,Cachorro
327,89.33154862383333,56.97770148146249,18.654422406956098,Cachorro
328,97.00582130798425,60.25363006673248,26.58851181987137,Cachorro
329,82.05476358721856,44.63885853348543,17.150419378578462,Cachorro
330,91.21836942579388,73.51835717626886,19.75592071583511,Cachorro
331,111.31229644140818,60.883021699593314,19.316402274666952,Cachorro
332,65.91663666427212,29.5623906840614,11.731295758467219,Cachorro
333,91.6087438625313,21.260969072157888,19.128736449265382,Cachorro
334,97.14042849619422,52.9686705500365,22.066705130679477,Cachorro
335,94.08027965464807,29.350328674970005,18.878162803122255,Cachorro
336,77.57043772872672,48.07803862909446,23.19992494383631,Cachorro
337,101.04025218163342,13.274684612871908,11.361991690192692,Cachorro
338,66.14269476324455,36.296114069396715,12.152526165843138,Cachorro
339,108.7623199287433,49.91861596032607,21.1369086323959,Cachorro
340,88.29767617410171,50.89784646093011,18.00071369565479,Cachorro
341,61.311974654234334,12.049477683943241,14.062756918799014,Cachorro
342,99.3605103199618,41.80492882523136,20.521734913992375,Cachorro
343,120.1629741513796,51.67379198301019,12.412259030314704,Cachorro
344,93.68854426338204,33.55889793635842,14.21445198022164,Cachorro
345,66.29186490386742,58.120317943492466,10.949629606253454,Cachorro
346,97.51263888010992,27.073025507020052,23.62267456547324,Cachorro
347,111.61266405860198,29.52427047755861,16.83287553818932,Cachorro
348,105.29497644643672,31.18504376565007,19.82209588073554,Cachorro
349,134.35621974019926,26.245078852176977,24.283116039489194,Cachorro
350,113.20939896543864,39.77644017024117,20.547929550923726,Cachorro
351,93.729588452487,51.66548213295704,15.439284064366083,Cachorro
352,103.0683870023529,26.55830055777446,18.660897389342228,Cachorro
353,109.89014275345536,35.2342769503976,4.511128530925207,Cachorro
354,73.26431043857377,66.35866425117865,17.355828102599926,Cachorro
355,118.9522156014191,65.73539505705799,26.92969993078095,Cachorro
356,110.10203410801302,40.31510003084727,17.949467712460848,Cachorro
357,91.03798560708796,42.126644968845234,11.381270721702146,Cachorro
358,79.48007804783221,49.11874007414841,10.258950555115149,Cachorro
359,111.740891124228,22.768629296456538,20.13531828568901,Cachorro
360,106.20531090077459,50.33093905825558,17.617097774427666,Cachorro
361,59.513007714375725,32.022133668148854,16.230155963350626,Cachorro
362,80.15208999180213,37.578411044582445,14.915535803355084,Cachorro
363,103.74519042771244,45.65226719623255,18.238148246382437,Cachorro
364,85.47284887939107,40.70428851282665,20.131089880479877,Cachorro
365,102.30999310221873,44.120883736353676,8.990317724495267,Cachorro
366,82.33366293027818,35.67971035353243,20.585412218569154,Cachorro
367,162.38525460330612,21.9457420549833,18.45707033662169,Cachorro
368,75.42749288982638,55.687485104945054,20.7221975253344,Cachorro
369,118.98482739865675,55.28824164463612,29.180108753994787,Cachorro
370,104.06045475414852,40.91650147460829,21.86927595998271,Cachorro
371,90.4041518813286,40.13397754124839,18.66775863072736,Cachorro
372,52.070592870144154,37.63489069159795,15.393529046488261,Cachorro
373,81.36549668589025,24.029160269026647,20.053004991411093,Cachorro
374,84.24714813194572,58.060833066486616,26.187878628495454,Cachorro
375,123.6680695432554,43.334107996285404,15.846341616934598,Cachorro
376,101.94756970418466,39.19112904307775,19.032394558326068,Cachorro
377,95.2196599407167,18.80092963076269,16.896688190036738,Cachorro
378,106.760120493595,29.93559094101694,22.225474830019255,Cachorro
379,125.57930530544297,38.48648899199112,22.07000874960241,Cachorro
380,109.12213487336244,24.739923021824726,15.625183482046033,Cachorro
381,97.10232942338081,46.16408783667662,18.15176523156397,Cachorro
382,118.03833623934258,67.57737484826613,29.076296659476128,Cachorro
383,115.10531170104852,62.193032866086284,11.107283236933284,Cachorro
384,109.21099159586326,64.48140781572016,28.422621827794753,Cachorro
385,77.76144916791054,49.95720233365666,27.71312121673284,Cachorro
386,80.40543647659831,47.16871862077945,5.767020177854835,Cachorro
387,51.71952046962428,58.50151195085329,9.314132763477804,Cachorro
388,84.94751069514967,4.401400644168142,18.90453889405923,Cachorro
389,89.94480833336375,33.148371943341616,20.07487028270511,Cachorro
390,85.54480686947858,37.569043326245385,16.893757489752467,Cachorro
391,99.57897154841251,55.41146884941879,18.003776671574236,Cachorro
392,133.66364448006198,50.96516609639645,16.234454901708002,Cachorro
393,121.971549945204,43.89677495273658,25.649229688290426,Cachorro
394,78.39714958110716,64.87907957968888,14.610091635107954,Cachorro
395,79.10562210784227,55.773652025861495,17.108532582821816,Cachorro
396,86.81308852174033,56.549844563583065,19.159913001631196,Cachorro
397,125.02985804637063,56.61688531286187,22.37879067173547,Cachorro
398,132.66537510223955,42.24764183205975,19.612862241753426,Cachorro
399,89.18244378992736,38.3669031589324,22.97244750559245,Cachorro
400,96.49030570570712,49.876890585496,19.032957385433946,Cachorro
401,89.309390564349,41.65419165146541,17.292394146645147,Cachorro
402,112.78545339023559,56.546724127618845,13.762541534295352,Cachorro
403,62.55925850521172,57.466335166010545,14.19248938603354,Cachorro
404,116.4118453560789,33.12549593968008,16.35228553201736,Cachorro
405,73.58764663222351,50.06314124677431,18.43711610596757,Cachorro
406,121.85181791346824,15.56110590191387,10.554610469431973,Cachorro
407,95.19778709113794,33.55460949278305,18.413097553809486,Cachorro
408,103.36991768619356,46.433083651084566,18.67762507162311,Cachorro
409,104.56126198834257,29.12101690805494,26.68317476497787,Cachorro
410,107.93975091968315,65.82569623730821,20.572940130220122,Cachorro
411,46.470524952631145,47.33101526200893,22.774926997906956,Cachorro
412,65.24673910178187,46.878900775302384,18.912983610273514,Cachorro
413,66.83145855352602,44.862018889111994,15.232148858683248,Cachorro
414,109.38627492453632,60.970691706858304,17.526735577961322,Cachorro
415,124.5944832771919,47.518482276865704,16.310507053509046,Cachorro
416,91.6818547773021,66.0028960920822,21.566473648006717,Cachorro
417,78.7472316764512,70.64157747357473,21.544560233530238,Cachorro
418,72.38400010679607,57.27818949302417,25.58534641362879,Cachorro
419,90.065510904907,53.15098726069333,18.21940619354728,Cachorro
420,88.94247027103394,40.9520676140526,19.473330606058187,Cachorro
421,119.05120527911835,44.96791098839397,12.74296978600312,Cachorro
422,100.31894670490745,57.99516150223883,16.25987213794751,Cachorro
423,77.80090540661391,23.989847584239364,17.191979483921063,Cachorro
424,120.65037589338492,51.25022462020326,25.599427233602814,Cachorro
425,102.42848161321582,9.290763504670913,15.945369116424056,Cachorro
426,95.43720227097957,47.90561527968843,18.795966438519645,Cachorro
427,104.40981357836722,33.54731895485556,21.4376989715749,Cachorro
428,113.02724751558088,66.84242620219631,12.975520609002794,Cachorro
429,87.9309767247056,59.8314892176608,9.252923437676404,Cachorro
430,98.02996321490284,6.215846320269591,13.504108671694809,Cachorro
431,83.55807899016907,40.36915319763297,16.169694005994707,Cachorro
432,81.00309999479714,45.40919870479591,18.28015592173335,Cachorro
433,91.8084687388172,52.3519542355856,23.031392616307603,Cachorro
434,101.59220647580227,55.34549419400959,21.858955208523348,Cachorro
435,117.91537980477112,46.24754988215257,19.261819153492702,Cachorro
436,79.52971623139166,33.82538744680989,15.519407236077342,Cachorro
437,86.81352627238917,20.860870342978764,17.121771525512695,Cachorro
438,97.04997792871687,63.80190112775779,15.22768725620972,Cachorro
439,104.707227196293,53.95738314509111,18.564754086428692,Cachorro
440,100.1143591879394,36.08449741037401,16.771591387262447,Cachorro
441,91.00361400243708,42.63979429962842,8.264585398760259,Cachorro
442,118.64565331525995,49.5237045688562,14.179283164007735,Cachorro
443,91.29112372059066,19.096290866917133,20.208889528697284,Cachorro
444,107.6377271275081,22.64563230932511,16.666468735910854,Cachorro
445,105.36154162325089,54.168768662564986,18.0979010366866,Cachorro
446,108.06178279428404,42.56001767054761,19.040144799165084,Cachorro
447,100.6338356358135,36.95115318605578,22.681909709542435,Cachorro
448,78.38518108541325,64.34112603317439,7.37782607323493,Cachorro
449,78.3476204321666,61.44197819591312,17.716786065186035,Cachorro
450,118.94753316036036,73.66174088999408,25.003920386147165,Cachorro
451,84.27143555300776,51.573406273688086,6.079929018216401,Cachorro
452,112.14316047100633,40.62538026801199,11.541024390599045,Cachorro
453,96.1699897288476,43.38188532131909,20.360506529263525,Cachorro
454,95.06664494525185,57.32552647487226,24.731810620149727,Cachorro
455,103.33156315569097,45.354816351924285,14.072932964046819,Cachorro
456,106.81137978413595,58.404153934599535,19.26405329371485,Cachorro
457,63.25834202910116,59.93819874119626,10.298419568523475,Cachorro
458,70.46858811889652,43.073231192906164,13.104663907282944,Cachorro
459,77.46613599456678,48.876740363199424,25.616989726699078,Cachorro
460,84.84109354299139,48.04529165638699,27.469673126718344,Cachorro
461,113.66467010674397,34.729636773635576,19.100487757678245,Cachorro
462,77.73254274904795,17.185191096429975,13.758849334056825,Cachorro
463,116.20519216474113,39.82007917998432,15.3572108461206,Cachorro
464,60.41499003976101,36.22911402567192,13.122076462710869,Cachorro
465,93.48103120746399,63.75644934277396,15.442875455496772,Cachorro
466,74.91462526632885,50.647854583621736,12.504868777394012,Cachorro
467,91.88399972318621,24.613961391181117,18.588402000176885,Cachorro
468,78.84258410679185,52.91511620795357,11.276859830645533,Cachorro
469,69.49811554756391,44.43273314763198,15.121614157570304,Cachorro
470,74.77801619700662,31.660847328153523,17.197113899218202,Cachorro
471,55.26486115565526,46.57310176669839,19.940437003920074,Cachorro
472,99.08486659749467,39.090182534529035,24.386362013878653,Cachorro
473,90.87094780601242,34.03013481398508,21.234622843472007,Cachorro
474,105.58967040649705,57.9552964197555,15.145109326379131,Cachorro
475,144.092020437528,20.1690591233266,12.76914059148033,Cachorro
476,103.67620470885478,48.562801219639475,20.14898434433199,Cachorro
477,85.93247384703825,29.244634070034227,12.807301998733482,Cachorro
478,104.03670802067018,40.470468384907505,16.68892055015354,Cachorro
479,69.00890896197822,31.649444571242427,18.13808466225919,Cachorro
480,89.4896897149935,24.699812059945696,15.993187201456507,Cachorro
481,126.85416984648374,42.29935133534226,16.384616936739324,Cachorro
482,111.52725311562503,36.302633362821936,23.4607344065135,Cachorro
483,99.84196947428151,38.51424142813873,25.160482799887188,Cachorro
484,101.06681632943078,4.758866775547546,16.1330421869033,Cachorro
485,136.61403346407045,37.93757835797804,21.183502374511008,Cachorro
486,75.96751359079605,30.36445563474614,14.393072679502344,Cachorro
487,124.06230036577982,51.13417695545017,16.326876232873147,Cachorro
488,112.45002115961157,36.19941074189502,25.480890523874727,Cachorro
489,89.28596397472779,60.17715482940192,21.27679180160352,Cachorro
490,74.85839944551134,49.49252438862798,16.55252786443602,Cachorro
491,97.72826889820368,55.15505656794153,22.12397889140009,Cachorro
492,103.60313252211616,38.652995971168394,13.52644091552018,Cachorro
493,110.45349709369773,34.870883438183455,15.848974649143004,Cachorro
494,64.71356586167039,44.64949785163472,17.047024519392867,Cachorro
495,78.66705371690287,63.00157057580704,10.874983321328378,Cachorro
496,133.36295095523326,30.2428668164189,15.831130056323563,Cachorro
497,47.83217213671531,44.63138877099666,15.876619466108664,Cachorro
498,73.4490875018177,8.886503480598016,21.854725424861915,Cachorro
499,78.20103092249998,25.068769686926412,17.26348258269686,Cachorro
500,68.18179932948247,25.45475623111939,5.852644443402196,Gato
501,76.02386541749279,24.6485003719361,5.81586054348697,Gato
502,69.10227112044039,22.021883862345632,4.566247235743827,Gato
503,61.146584886031,25.937894435815895,7.144238292251543,Gato
504,83.0387535887406,27.661909672249756,8.751167022184877,Gato
505,77.31986650760741,20.765561900193998,4.450884947597789,Gato
506,86.36517234955024,19.89386147480989,4.710661240482154,Gato
507,70.16754487009054,25.000401330822477,5.294245239010577,Gato
508,79.78952431519173,20.681384339831766,6.300028070525744,Gato
509,60.538781965835675,25.398708126032723,5.316913278064105,Gato
510,74.46694982753628,26.999883529850212,8.814168821259058,Gato
511,77.45045470337861,26.065314989126243,5.190121794112635,Gato
512,70.83213651468225,25.73554913146521,5.548839889606159,Gato
513,104.71241864947477,23.35782047799896,8.3215707300633,Gato
514,59.35864141656789,24.934419817794904,5.736353225119162,Gato
515,71.24172904364484,25.5231092162677,7.619858725864003,Gato
516,68.42503535252067,21.643872838901725,3.98326229521187,Gato
517,77.97924754495504,26.27366246584345,6.52000624769826,Gato
518,78.28633536965184,22.69744251523479,6.385351941025322,Gato
519,84.13643997340581,21.612091140242512,3.770160445296826,Gato
520,76.1721576073594,27.168110081652237,4.781737731487675,Gato
521,67.21214752067736,22.65757777624528,4.49024450453965,Gato
522,75.37264425126159,24.181683228500116,3.7662014694378754,Gato
523,81.35094512818354,23.56738673015183,3.784007556232486,Gato
524,72.9682636579931,26.101091557221572,8.326628303132015,Gato
525,76.23922579098655,26.135183961205872,9.428027429552092,Gato
526,83.28859765634175,25.505690613018018,7.507205690200918,Gato
527,64.44308084498152,25.587434706896655,7.274534288912582,Gato
528,71.75932593915299,22.498462395604104,5.082161068536591,Gato
529,79.61233548131136,25.543765854707715,7.346430772417263,Gato
530,86.51634091120994,29.304491993977365,10.83123906545092,Gato
531,66.80106837648884,28.916459528469055,8.244909613058244,Gato
532,69.95143271866549,20.051532867363434,2.9367487443394045,Gato
533,83.26125565758916,23.48146767621094,7.71724728309335,Gato
534,82.40604241796896,25.968976911847534,6.825783933831432,Gato
535,85.53461178824125,22.781043260436764,7.562628792543676,Gato
536,72.75300776837257,24.612225123205704,6.017916808460743,Gato
537,91.69320438215455,22.757760215759433,4.987835642720388,Gato
538,78.02526946449952,17.918797533507856,1.7384243746445973,Gato
539,83.48319066171705,24.10289461178893,7.857273342221157,Gato
540,74.76347964553082,25.957333912042824,8.910470395126971,Gato
541,82.806769516579,19.886399911681963,4.474722713166474,Gato
542,80.56179972295845,21.678255164359086,4.319980362548304,Gato
543,67.50976740788732,23.54560730547927,4.32370148848114,Gato
544,82.50831901792769,22.47995206392568,4.340371083654825,Gato
545,79.96822790322273,25.53899825338597,7.85662925174476,Gato
546,55.30099515171109,25.516308265004014,7.121016880534943,Gato
547,61.870665414691445,23.514313853736365,6.245458552249689,Gato
548,86.6542306019322,23.572050013514147,5.431675812526973,Gato
549,66.21431495402312,19.69204848272217,6.540207567447604,Gato
550,70.22560535805401,23.131883086566194,5.594538981427185,Gato
551,79.55635487568766,23.666906861826412,5.3088843353216255,Gato
552,74.41126646353882,22.269986798783506,3.120784559101776,Gato
553,64.6934839038405,21.410980349978654,3.75824447972963,Gato
554,97.17025602871162,24.62010009727765,8.546556538300116,Gato
555,76.16142683260485,26.222496798046926,6.9610151458898315,Gato
556,67.63300382979926,22.98688865034454,4.812341185053782,Gato
557,79.6448975008252,25.480209341035234,5.766116849867229,Gato
558,59.81902842436834,23.35705152262217,7.275020535077802,Gato
559,60.858401125831584,22.14957193805475,3.838664148864374,Gato
560,71.96498993660127,24.623551430603158,5.094236484672019,Gato
561,72.66949813704149,25.236045833418295,8.748179607574096,Gato
562,80.65881878743981,23.518713557384405,6.077258080227634,Gato
563,78.63177471695029,23.320281033967692,4.762913631544403,Gato
564,67.19320396130283,26.208816592065777,7.867937601083363,Gato
565,56.54460123972481,25.93468414384312,6.386017269328023,Gato
566,70.87201680639812,23.301094130007247,5.966116980027726,Gato
567,71.1475784690403,21.90712127484405,6.036777994086707,Gato
568,71.88227182942849,23.86401055268918,6.89674480669937,Gato
569,56.996605239024895,24.558033752261856,4.868041814305668,Gato
570,64.93041279856425,25.585083618551586,3.8829473980584157,Gato
571,67.48919238185348,24.87560140395095,6.504252023576039,Gato
572,72.6904682175567,23.055681744801866,6.328425228330174,Gato
573,80.39151134434776,23.335386552059028,5.109549774592347,Gato
574,68.65882754298497,23.393973844921096,4.075869682622157,Gato
575,65.09974983284994,24.165186141056008,7.305686987646163,Gato
576,72.45585472770954,20.689924502126647,3.0732224416279483,Gato
577,79.49303405420808,24.33309981190869,5.814332267559012,Gato
578,67.89302165935678,27.591369183769327,7.153712282208518,Gato
579,86.73644688497065,21.212961937281655,6.48033838291763,Gato
580,77.03244018398996,24.28260466547453,6.330566944362379,Gato
581,64.3160622163263,25.291209022543914,7.312063231193157,Gato
582,66.28225343346678,22.727454451963357,5.25520648073389,Gato
583,65.7991080937036,28.28339740649711,10.310523780588401,Gato
584,82.41125062099745,27.145451054061784,9.24868096105743,Gato
585,62.250115470464664,23.261212033528146,6.810363753793047,Gato
586,59.96191268192345,20.021664802989378,5.326379288794875,Gato
587,68.5910112683101,24.881105209411725,4.219010027921069,Gato
588,78.39268729368871,24.013673119140126,9.317164875297642,Gato
589,77.7650094538629,23.404134709875194,6.382293950668764,Gato
590,75.68439405592636,21.31676676788353,2.9688127090132186,Gato
591,74.00805851023614,26.30132824847884,5.774878990120807,Gato
592,82.11681037187266,24.514187714432673,5.775426636725076,Gato
593,82.82671493354586,26.80669955528608,8.085177856158767,Gato
594,91.09927979767325,22.85481833346667,5.303864221666231,Gato
595,90.55690835064517,25.434273855960203,6.038300240312258,Gato
596,72.90947836644048,22.83458533457985,2.233935047901708,Gato
597,74.83576647628176,23.77767572332487,6.841174069377969,Gato
598,73.8172208515065,25.578743160347987,6.73223366896828,Gato
599,84.03471437292106,22.165385845845048,4.6434820754180155,Gato
600,56.98737658647069,24.229046954421833,5.01642196403181,Gato
601,91.01832088819054,28.818410549538694,7.406383272317012,Gato
602,73.37091219805286,24.16619183399494,3.716798646532151,Gato
603,67.0156507440652,24.5943618901743,6.64390755720053,Gato
604,59.94163003335454,22.197791338546416,4.1195597823197865,Gato
605,84.76532305812356,28.694178994448386,8.594690519211587,Gato
606,78.04324397530299,25.96539590274485,7.336840249604327,Gato
607,75.21866741738691,24.877187711456624,5.6911508326297975,Gato
608,74.34886549696343,23.94955165120003,4.297997075948582,Gato
609,61.8840890996899,23.86843882165433,5.862496929183417,Gato
610,68.93014094958042,22.717573220893392,6.4186722877611455,Gato
611,73.08473813055745,24.80469024401894,7.16073601488283,Gato
612,87.44466815363174,24.066925582907857,6.053364297408153,Gato
613,78.08025643392736,25.665774337344676,4.44666717614048,Gato
614,81.49288002261751,23.827499696398835,6.133538711665607,Gato
615,86.36813201440145,22.516833171308647,3.5797811545216303,Gato
616,66.33810591105993,23.479932122471492,4.571192114436545,Gato
617,58.16047050375095,25.152147479464,8.20966037316882,Gato
618,65.94186875888475,24.00232219728487,8.0701656618511,Gato
619,78.51934151216453,23.328268435421936,5.8847558956842745,Gato
620,77.39597270196495,21.94684203102446,5.615886584075123,Gato
621,93.58262260539516,23.18432179105391,2.922106618471916,Gato
622,65.7577258424668,22.501147111330695,3.1330203399887044,Gato
623,80.03216192885522,26.288362457519995,7.4697370001652885,Gato
624,79.1288071796708,21.66120683599199,6.186416736548433,Gato
625,62.00534826286374,24.895966175479916,6.315062084534842,Gato
626,92.77386234983447,25.13713715145903,8.424093240702867,Gato
627,59.76136417829099,26.37307035160056,6.87061419422791,Gato
628,76.28698164925174,24.083405576385083,4.8370348732140656,Gato
629,71.72664110882201,24.796008598875932,6.577103740948099,Gato
630,70.53960646576772,24.192985146711003,5.462722798641215,Gato
631,77.09151981591775,24.45869400378627,5.79957219839107,Gato
632,78.69653630556382,20.68867443081014,4.291283416984016,Gato
633,79.00457329633157,23.020564541116816,4.745941809134044,Gato
634,64.29517316364581,23.146621036654906,5.121146584267027,Gato
635,71.41865530161616,27.63602924265312,7.0934198996177535,Gato
636,87.94146342259371,22.715407357145935,7.686242770804453,Gato
637,53.72971130839615,21.97852497288309,5.089081869954943,Gato
638,93.97582366983673,25.964847693450857,6.411879358178039,Gato
639,82.19866990827158,24.789830321459835,5.924977762374822,Gato
640,95.8490672723365,23.82772458266022,4.327504762974439,Gato
641,73.75559690987713,20.79309995851252,2.102786511167472,Gato
642,101.27767726375407,24.25646457357039,7.98505693518309,Gato
643,56.32946554510965,25.490307130690653,7.822745887629358,Gato
644,80.6342977148147,22.349805682448483,8.753381173058886,Gato
645,91.04495942987452,23.506612454361857,6.39482869476903,Gato
646,65.14788518006915,23.361640348124894,5.922595859158781,Gato
647,79.93655559761633,23.838383356074974,5.37126879381852,Gato
648,69.75714188909124,24.273474882487694,6.756663709838306,Gato
649,76.3710572876909,21.963439611466747,4.341523678012765,Gato
650,93.82143135391536,22.71132880871938,3.7045727368576604,Gato
651,82.49023866220547,24.228669478195094,8.293566940362997,Gato
652,97.56964756084554,17.879632437093974,2.9461536763596907,Gato
653,73.76262793189875,23.84396558855278,6.302151629140695,Gato
654,70.83133727118752,22.288466536574894,5.490428028806833,Gato
655,75.09115609969116,24.456837162337305,6.121138427833243,Gato
656,78.02524349106822,21.510035999995328,4.975878923581524,Gato
657,105.44789872152683,23.269786470177227,5.861683211653922,Gato
658,76.15527787428952,23.895078778882706,7.6257093529890625,Gato
659,66.4695355871904,24.92728105417574,7.295168367331049,Gato
660,85.62318959227905,27.216523666400754,7.59096107977245,Gato
661,67.44027925508206,21.67829237725539,4.936502141712561,Gato
662,68.78782139301701,23.363960800043504,4.499394033863952,Gato
663,71.73324267639131,21.874546476084383,5.47457762335202,Gato
664,64.158846803991,22.180129548382784,5.066123611302162,Gato
665,65.30069473358549,24.470164937393214,4.978037336519682,Gato
666,77.58178303669703,25.90757095081297,6.4641013984907145,Gato
667,77.3914299540187,25.72134772041264,6.8760408624930855,Gato
668,94.95049841935878,24.007453789484277,6.093423624113952,Gato
669,84.21246104853327,22.266020020925403,6.113438651210168,Gato
670,92.02552708674244,26.316597843578624,6.704611344981217,Gato
671,85.45724992091078,22.809703441306215,4.823870923623673,Gato
672,78.50317149631961,27.29137524321032,9.532921302584874,Gato
673,88.39525782327793,23.948632712148253,6.437303087116043,Gato
674,62.31577541866055,28.349874727856594,4.733390393060076,Gato
675,74.28130262720882,19.722951697221035,4.5503677141421015,Gato
676,73.8658476316151,24.270211011038043,7.425548200987077,Gato
677,85.76614756740318,22.954986661764675,5.9997372553649555,Gato
678,65.58816275900945,18.387106027379215,2.188115463741366,Gato
679,81.09531973278794,25.45652708653595,4.4689623903533855,Gato
680,82.92078064464381,25.2893179814147,6.237344606957108,Gato
681,74.41455724055668,24.662700585469114,8.20948861579487,Gato
682,75.99868891452603,24.258297605571137,5.702879688684156,Gato
683,74.50915937151296,23.08025307471494,3.962338474099148,Gato
684,82.56567764442717,25.690904696043205,5.300167597842355,Gato
685,84.15555363638835,24.41092529391717,7.683570995005231,Gato
686,73.38424976390887,22.960695412836603,6.4725042567363555,Gato
687,77.401248934978,23.38365831684215,5.370828296332853,Gato
688,73.31641606598963,26.814037872528484,4.471611633691802,Gato
689,77.43761359253578,20.71855115646158,4.863349534261565,Gato
690,66.43174107954681,21.44565332027395,4.106882152918079,Gato
691,73.98534318307,25.33175038015823,6.54564004603395,Gato
692,69.92665768687826,21.74730219969242,4.010762553919753,Gato
693,80.49924323568895,23.65252934279539,6.663125368690543,Gato
694,90.28106466612248,28.954361246777996,9.077768002593217,Gato
695,88.1721664731349,25.30699839496373,6.84613033590169,Gato
696,80.63186276761424,21.17232217414932,4.320275104389667,Gato
697,73.04342954279257,23.624084316100067,3.965713987653062,Gato
698,65.600997126689,23.426031672850257,6.524876176959592,Gato
699,86.60688213611267,26.49710547157201,9.229581516563595,Gato
700,72.17706680160128,26.22631811078354,6.392006740086154,Gato
701,64.65626632122263,24.75032706807703,9.025285070547657,Gato
702,85.0517408529238,23.253550756875637,4.9622166789013935,Gato
703,69.93117517262179,24.996885366537203,6.4998327714564414,Gato
704,75.51803024283637,25.2981671837583,8.130966163710607,Gato
705,81.12039500624492,25.262765995217936,5.494662153134196,Gato
706,101.59910556866672,23.123102213098594,9.097266330593584,Gato
707,68.15393616515571,24.06218881429152,5.613692745641013,Gato
708,75.8184111870598,23.85278118027404,4.092215924552895,Gato
709,64.90366509575794,21.913179749051857,5.41885600931905,Gato
710,71.6138271604496,23.375697071685718,6.516611480923303,Gato
711,70.05986889374616,24.95024696138371,5.840534505175499,Gato
712,75.0943687456411,22.027592293806862,2.582513002432441,Gato
713,90.68612351247238,23.9700327730498,6.1204671078761175,Gato
714,74.28452718196985,23.676572990450886,5.402129718039105,Gato
715,60.99407825954258,27.250660142070476,7.199644256055462,Gato
716,76.91913978897244,27.18736380935779,8.213353130966988,Gato
717,59.386162570108525,23.438632097493205,5.838896051673351,Gato
718,88.56013803680955,25.682599201975442,6.794438219657488,Gato
719,79.26370702529981,21.28929064512287,4.75554901920713,Gato
720,87.12929712502884,23.414321502043364,6.3517472795625105,Gato
721,64.71292194592273,21.583935075456488,2.530920116584543,Gato
722,84.02202997660862,26.668040617199843,7.753767399228985,Gato
723,71.40543543527329,22.13247146004092,4.413075347882778,Gato
724,79.21251878733453,24.401800182120784,5.058859708680861,Gato
725,54.992658063656094,26.39049103707986,8.0424313131236,Gato
726,55.76571476346163,23.697139839986537,5.384604085897472,Gato
727,79.55595288175846,23.39957884286512,7.633775308628054,Gato
728,98.23070024004528,22.684063721725444,2.9166380382833372,Gato
729,78.63412038803138,24.416910549075105,7.229293469096257,Gato
730,92.00428204602723,21.996869000707207,7.589403356669678,Gato
731,89.64742459432514,24.426061044170904,5.387829114860389,Gato
732,71.74531081165655,24.345905962447308,5.275617019324331,Gato
733,71.24754440307747,20.702865934813943,3.1272379658794622,Gato
734,68.7168633308631,26.940018869757274,6.799059453374948,Gato
735,71.37761462757116,20.895890118091135,4.107448853094773,Gato
736,79.13581513812686,24.987482339148663,4.883095513114136,Gato
737,70.01821824358774,22.573758858486556,4.178598509041194,Gato
738,80.72064766501076,23.92983333537352,5.303879302457412,Gato
739,76.80821659049168,20.316125961674345,2.766771235660108,Gato
740,79.5351462379068,24.725271634915337,7.709203669786803,Gato
741,77.76142835600852,24.26656360898122,8.220931937780978,Gato
742,61.77060895133692,26.18047889786154,4.7959187520053,Gato
743,65.87416338613271,24.46937104670004,7.519040565691306,Gato
744,95.76775297432627,23.660245775928583,3.9868789317000246,Gato
745,68.69761623725485,24.519919506742475,4.922668822904704,Gato
746,80.11748262340893,22.74052706185925,5.200958995236553,Gato
747,70.30000124398116,21.374429753018635,1.5597983414756813,Gato
748,59.83936711203753,24.124518596866753,4.6591186208402435,Gato
749,89.28572708005419,23.95430854681041,7.423815693198822,Gato
750,77.3866462450283,22.302279844564907,2.4843459336720097,Gato
751,76.0323360547317,26.0491475057132,8.144090196809415,Gato
752,67.11327751093107,26.50427566216505,3.9517927215846957,Gato
753,74.03916975219515,22.85341884643739,5.714141446096157,Gato
754,63.56516574462367,25.21604849449972,7.921042004078122,Gato
755,63.95030200283098,26.797725316449807,8.604164724656139,Gato
756,81.03452330580609,24.002071356855346,6.552212038492161,Gato
757,80.82508628423189,25.326920419705928,7.104533573455592,Gato
758,86.79386209027471,25.73766033170342,8.43015885008352,Gato
759,87.53196162192211,22.67279210563118,5.723410483372783,Gato
760,93.20546689378972,24.740461574187684,8.46591980270004,Gato
761,85.77717937175316,24.726757459991557,7.310316951697384,Gato
762,68.15137383473797,24.73772603495387,5.630497554668251,Gato
763,61.89323468044589,19.7648625677101,4.13199669366192,Gato
764,75.09425644052754,26.08605172616983,6.3557846603879895,Gato
765,70.79803966027322,22.085050606053695,6.616554346777306,Gato
766,69.38674281359381,25.8652932203587,9.016102879737105,Gato
767,85.95262129158465,24.73755156954976,6.99787107603279,Gato
768,56.257223948686956,17.383516974733563,1.6915523577486153,Gato
769,77.86524389100093,22.398493075965465,6.111838411064366,Gato
770,79.3303085652645,20.581966505779935,3.708993605012671,Gato
771,71.06713790185752,22.353738736658013,5.338750886465488,Gato
772,67.57031663438464,25.3728058103193,6.180761231134398,Gato
773,87.02846495847265,22.848865877889033,6.338160415349688,Gato
774,71.53871714967902,20.812905431035347,3.495358141094253,Gato
775,69.23857466970385,26.15968919480621,7.059519933492654,Gato
776,69.10502994256895,22.499519072606017,4.356836613613147,Gato
777,76.61207341463123,27.082343503628373,7.855334508130985,Gato
778,67.13419186961761,22.379752718332476,5.461202944475517,Gato
779,75.50559625233059,24.462019633337754,5.354255192831761,Gato
780,69.03901695426006,22.7117934101872,5.714651970163102,Gato
781,81.10594597448726,27.28355316083633,10.239588931967223,Gato
782,80.72535723532852,25.1858612872517,7.99542178900878,Gato
783,79.99101031949661,21.671100044397964,5.145502954825904,Gato
784,69.06439743749155,25.48721955955248,8.963821186672506,Gato
785,73.361293168344,24.521324898929723,6.610730564583022,Gato
786,93.7947197907753,24.379508401152155,4.812707889914377,Gato
787,89.4158620389123,26.28195224873158,9.52268860375834,Gato
788,82.40131165469435,21.693966152513227,3.4241025905115645,Gato
789,92.99031455610455,25.516926207456283,9.131463164780632,Gato
790,77.52017383723589,24.928501355806905,6.971128301348217,Gato
791,71.05370017599502,20.763434456185813,5.662192482109988,Gato
792,79.5072638046157,26.83066074105892,7.587243821361478,Gato
793,73.33441767009889,26.429358565734123,6.422166931401569,Gato
794,72.55868443844498,23.99270942374162,6.028543937072844,Gato
795,83.57272765439559,25.26665296487201,5.615228826288632,Gato
796,67.17805399437938,23.25582503559947,2.5792331878427617,Gato
797,85.19372026382428,27.440722141344118,7.727806909279075,Gato
798,76.73761805174253,27.37421267457806,7.2251766907666255,Gato
799,86.05343023788065,23.77940085062065,5.979414935012262,Gato
800,83.23182615187739,24.228746776780564,5.380534252898173,Gato
801,78.82697815193258,19.979860319463437,4.924642582189328,Gato
802,89.04965319256918,22.146353883359602,5.850831423293011,Gato
803,87.53263514286711,21.60008916091691,6.522541688460073,Gato
804,87.1570838871739,25.185355058408003,8.51629142095659,Gato
805,73.3219584851067,22.672856170868606,5.473909594561646,Gato
806,71.9965087541333,25.597587360839874,8.81291884605777,Gato
807,64.2886360858196,24.2072504389806,6.041977494349326,Gato
808,91.34397249260094,22.95448723298455,6.125690411820987,Gato
809,76.70142520062862,22.181478954688274,4.083264987701167,Gato
810,70.28335209489613,25.781340913263602,7.322226030886602,Gato
811,77.76073431745334,23.892534964271153,5.36350715358253,Gato
812,77.3739439000477,22.822900178833002,4.428719444855213,Gato
813,92.18098722491062,20.092746877286373,5.135035426404749,Gato
814,88.9723774177922,23.370203129506073,4.805901257616271,Gato
815,73.38663337507299,23.572771789626355,5.300413465570117,Gato
816,83.79342882788947,26.116300526117968,6.288498223352891,Gato
817,84.31642251482918,24.827327905825488,5.593782365577828,Gato
818,69.28543566371988,21.533709142618687,3.173040322413232,Gato
819,73.6386980792301,22.67871891024748,5.679396499010698,Gato
820,75.28998560068018,22.25693888374287,5.374761825552813,Gato
821,88.43289310415247,22.004534280762858,5.85307914215173,Gato
822,83.6323822996146,23.58954984616928,6.753054576131149,Gato
823,78.15748430939234,20.323402713959325,6.742139280434588,Gato
824,83.76243972021712,26.495316098899615,8.434900973680582,Gato
825,68.76228421397056,23.20438383085921,7.555337665716096,Gato
826,89.43646128652841,23.449789473356326,4.713639110758863,Gato
827,58.94832454786047,20.516919528645158,2.0530441178679615,Gato
828,81.55680505807581,22.81327656502982,4.515530876895172,Gato
829,76.46409333585548,25.37460855867109,4.15573186455161,Gato
830,76.09257908672015,25.640013966474076,6.525881080477991,Gato
831,61.4732662436984,25.416723393504224,8.26935881627087,Gato
832,78.76674156496489,23.994896012834424,7.208425945266988,Gato
833,72.63505431162835,22.161348566339473,6.0261793015623075,Gato
834,79.2751288620503,25.999725815526077,5.920981382787533,Gato
835,84.45341548727201,17.81101515919881,3.1198086032110757,Gato
836,89.41649246949916,26.37621259527755,8.63826749769382,Gato
837,70.5667031263057,23.057045647556357,4.855801264715955,Gato
838,77.2769186943058,23.357674333916194,5.637174484626595,Gato
839,98.18015386791741,25.522436336652866,5.990635299052138,Gato
840,74.45371041681038,18.176693678421447,2.026941307236078,Gato
841,79.19718063186399,22.008436570153542,5.200065826264238,Gato
842,71.83249357397015,21.276923799181105,6.987703731958312,Gato
843,87.34548011227928,24.046549396826993,4.681192436676949,Gato
844,70.38298473520817,25.886338892704337,6.806396320196371,Gato
845,79.01467138866025,21.58422054741036,5.531217680621215,Gato
846,88.46372945765243,24.685120836541376,5.511466463885614,Gato
847,88.57099255866316,24.895320689066295,6.284155001715227,Gato
848,51.76940151104543,23.69749444497729,3.563921829837635,Gato
849,81.70959691064223,20.696848036205957,6.630209497272563,Gato
850,91.72084882327519,26.434510263234387,10.802782588402273,Gato
851,72.0413489025527,25.12831781737039,7.670249235524708,Gato
852,102.35566838103989,24.312819113140304,6.8600158742025865,Gato
853,66.6867294756999,25.613903006094827,7.341700800395116,Gato
854,85.27559912117977,24.383310756195943,4.980553121610038,Gato
855,80.00894870746575,25.44778432134087,8.131376876924707,Gato
856,67.39923596199735,24.222938819847556,6.192300767646672,Gato
857,90.46496288840464,24.898490384111923,6.687285062834205,Gato
858,49.70918984425634,24.42071319303688,8.43056813608013,Gato
859,66.04360847846124,21.976200611348965,7.052460698416059,Gato
860,72.30629425028515,23.240946640376603,5.312950233701568,Gato
861,63.84345066273945,22.174208963518712,3.576721377164165,Gato
862,89.18148271355908,25.243820965379264,5.811426267012533,Gato
863,76.72314357175614,22.063446333466057,3.804600674627061,Gato
864,76.4286169356111,23.277895914509152,6.728965537341354,Gato
865,98.4253019037683,25.44311108128518,7.543390539842868,Gato
866,63.97337711591474,26.033985053121842,4.676885792808739,Gato
867,69.7640025583178,25.91720885936229,5.655146793243606,Gato
868,82.23307772767822,24.91840495311161,5.823636641116318,Gato
869,98.11197233859592,21.873610434917907,6.383584950402616,Gato
870,69.40677741076786,26.111804130039207,7.304853062205158,Gato
871,76.10393925506276,22.403460611550532,5.7747806732138605,Gato
872,83.34529551915823,23.668210875600085,6.469699365793876,Gato
873,61.48768236410709,21.808572115349225,5.4297123923400195,Gato
874,75.25796867876042,21.0747413473703,4.34616593079392,Gato
875,84.70515771115575,21.07673736120738,4.827917213835141,Gato
876,80.39575586626506,24.761982781069907,7.0620932305381725,Gato
877,71.38063379608326,23.308070560072547,5.914145745978757,Gato
878,59.07445060841979,21.518644532902798,4.285087510804717,Gato
879,66.51369687072383,25.415056041834664,7.660451337669469,Gato
880,57.89586245610727,24.64176928337973,5.12980468210181,Gato
881,82.44840846888886,26.729046300834447,6.957953939769364,Gato
882,79.60729302189796,26.66429004395117,8.109840773266992,Gato
883,66.90788122170086,24.368093640974667,8.551218513993732,Gato
884,70.9666071839702,22.47108288228952,3.790786640948695,Gato
885,67.37529242032615,25.18118228866037,8.230055657562229,Gato
886,74.32511646024861,23.80586774212041,4.056930957672037,Gato
887,84.9960304897917,23.784222483252986,4.433413818593165,Gato
888,71.26945157273941,25.80377884879437,8.667490340263113,Gato
889,88.36061591213142,22.78133386489854,6.058995433011881,Gato
890,83.0068608885829,22.881134911999368,5.55789399354857,Gato
891,81.32664620929563,27.421458581273416,5.702671199254457,Gato
892,72.39448362735119,26.746819375237294,8.262329172352084,Gato
893,78.6828866313202,23.02329820279221,4.794845095007704,Gato
894,79.34379791751616,22.471328208548986,5.336217717107949,Gato
895,72.87769473516747,24.195125339361848,3.806296542542118,Gato
896,68.47919681485386,23.455261950810744,3.999331832882471,Gato
897,78.43859184849109,24.2234188622943,5.980428312077102,Gato
898,72.75626755463396,20.488732150559805,4.899757458955608,Gato
899,89.1593869580861,22.152098856539332,6.641464165818287,Gato
900,72.1991628553445,20.422043563238557,6.258025057212913,Gato
901,65.77598975990098,22.55316119637979,6.416257041221286,Gato
902,74.55432340481966,24.183498322175982,5.602525921367153,Gato
903,60.30282811571217,24.052915127051335,8.29632342560144,Gato
904,70.90270747051873,26.208837926933867,8.251021526369808,Gato
905,97.03941005642623,22.639504993495457,6.382208408684007,Gato
906,81.92362130941055,22.46038402211218,7.79735193046936,Gato
907,80.97744125404323,24.97428039379508,9.028736317970367,Gato
908,56.37052442858615,22.832171376689473,6.539378375275604,Gato
909,62.53607267825769,25.44370513067578,6.323861913661875,Gato
910,63.80618197399606,20.21106261607139,3.8558007180713227,Gato
911,84.93822860790522,20.906047390294876,2.830814693217476,Gato
912,79.36841369396316,22.29565219342537,7.050572304136502,Gato
913,67.48727788772837,22.711235794402825,5.663577391220202,Gato
914,75.61447540123378,24.819912462152363,2.795090561512421,Gato
915,78.98769890266982,24.463690431129947,4.626398045340428,Gato
916,72.11513288244427,23.004589533782614,7.8740978020043295,Gato
917,60.23847517697911,24.63729131180277,6.194739326803789,Gato
918,76.7072493131495,24.70680128955606,6.848360010625443,Gato
919,83.50143478646933,25.79217890482832,8.371586537551575,Gato
920,69.64515054958876,24.6938168346485,7.869469449934512,Gato
921,82.32969291881123,23.063116949724247,6.546190821690339,Gato
922,76.36991767950163,23.546748666616672,4.865567018393243,Gato
923,77.9535193745219,24.97120376119486,5.629959741831608,Gato
924,77.66223645193939,27.260146661257785,7.794604153033676,Gato
925,78.83192676859485,24.711495298337557,6.198941706125555,Gato
926,76.64718064745408,22.48408945393352,6.1528749535011595,Gato
927,82.418386783542,27.127613469580808,6.876870793110998,Gato
928,80.85076720560382,25.320090600737224,5.8785657816802726,Gato
929,88.92839274192143,24.984785843869304,7.099007414978842,Gato
930,70.01290089834963,25.207228854913662,6.283775406896815,Gato
931,85.26821168362761,24.879031135475486,5.436853993830852,Gato
932,70.14635514493426,27.44240040736216,8.10182776420749,Gato
933,72.99022508336509,21.615687761419963,8.22237595036831,Gato
934,72.43275160094193,25.851039918706412,7.27693499351016,Gato
935,93.76000559439575,25.139107228832845,5.700684177606562,Gato
936,66.80864812510315,24.906709197275262,6.485513522465393,Gato
937,82.47758288058071,21.15849939612576,3.334183407178784,Gato
938,57.72935829506186,21.751700655937466,4.902472524064219,Gato
939,72.34837410197167,24.611775398198407,3.5323334902676917,Gato
940,78.84768104357241,22.533652269023115,4.799506303754798,Gato
941,90.04061351877179,23.142139926897077,7.984132970050406,Gato
942,63.52299958642459,23.149804124508297,6.727414270868931,Gato
943,79.55059250746639,27.90601682431627,7.647097508826255,Gato
944,60.35350236800833,24.353101950524373,5.833988411603963,Gato
945,79.12360184774998,19.349643371630776,4.869805632825907,Gato
946,53.800420422538735,23.60489666041918,6.041331137397095,Gato
947,91.27365240750348,22.452293792084816,3.093987361148482,Gato
948,73.75860192016012,26.414487068383984,6.971626617127066,Gato
949,84.33250922553661,25.69760600247179,6.538098250461074,Gato
950,81.5451749004324,23.389384051882928,3.8734473025635925,Gato
951,73.88143891830406,22.08017542603777,3.7198766509854573,Gato
952,83.15794583441424,23.7108545043713,7.598723314979596,Gato
953,74.0199981872049,24.584382303305564,7.179595477036535,Gato
954,87.06823060325358,22.674811063125592,5.640926174241007,Gato
955,79.02356239000302,26.26698269895039,6.428762077885224,Gato
956,70.74005347993379,22.084300902012927,3.5204446570350196,Gato
957,71.27378412492587,28.188705853185223,8.345157688862713,Gato
958,76.25140912976221,26.376177553513404,6.4254002597302105,Gato
959,82.69873267346681,23.73981648550669,5.543818010669384,Gato
960,98.23706689579974,28.8403812086652,8.939731402093372,Gato
961,71.23454418473469,29.34677241831915,9.373510975834595,Gato
962,81.36043606576058,21.829812324731947,3.7538227764033234,Gato
963,72.18914733408027,25.224581476451785,3.699667733629976,Gato
964,68.33089670756416,23.064936511757463,6.010459644855168,Gato
965,36.58641742501065,25.74788252916272,9.797679632405648,Gato
966,78.89455866398802,23.563671237487558,5.605044458767036,Gato
967,80.20126732275138,24.900683380084242,7.218960377647598,Gato
968,91.22528913708314,23.241706842332473,4.848018718958819,Gato
969,87.26377288620151,24.1470466436887,8.073713931172732,Gato
970,81.38125281530736,23.989063096026875,4.906203333304156,Gato
971,68.46065665712787,21.21272465185178,6.60689693443504,Gato
972,77.80162162736444,22.729726863386148,5.170201017417181,Gato
973,62.98847212064434,24.5048358413443,7.46427012807096,Gato
974,77.94207397858501,24.092495461665205,6.2199393298301136,Gato
975,73.46866343214772,24.003231021732844,6.31700501995966,Gato
976,60.28392571864822,21.20457909068991,5.076636814790842,Gato
977,80.48942300621546,25.037246157956176,8.276370995138993,Gato
978,67.34462551856237,21.53700934870509,3.1304924774530427,Gato
979,78.18323400999422,27.36667495962272,8.02953152855362,Gato
980,65.99938784059714,24.179082687531043,7.066155829624083,Gato
981,77.93241363882962,24.285829165495954,4.488489709120153,Gato
982,74.94096166608145,29.646003685790433,10.097668907004376,Gato
983,92.38477415472694,21.54646333623756,5.34829810238838,Gato
984,71.44312046318348,21.788393915466116,2.8206943058531535,Gato
985,58.592555583154194,22.080233735848747,4.070666767290386,Gato
986,64.57076417523578,26.409135226288313,6.568132444107806,Gato
987,82.05353576128176,25.8837895921886,5.886901199204127,Gato
988,63.7499743615421,23.959087332776235,6.447889314947095,Gato
989,81.57575805559718,27.286481912570082,8.988377504509591,Gato
990,95.12318460416543,25.5395719276642,5.205386985276064,Gato
991,56.19057158176153,21.815972528938275,4.374155103366047,Gato
992,63.30212414745574,24.895437126566872,7.4631986960773915,Gato
993,74.01482906559336,22.53393016957575,6.783631598568868,Gato
994,68.7024048835053,24.52798411529733,3.8648460977986754,Gato
995,85.59130681314747,24.36208656566537,6.466468544857199,Gato
996,87.46277965420147,18.66892730706663,4.212407315661425,Gato
997,69.98487594811502,23.89500843546108,5.569046091208962,Gato
998,85.52323106071596,23.8695764622272,6.333091327167708,Gato
999,88.44118260637046,23.760642271734365,5.634682642113308,Gato
